Sequence	LWR_max	LWR_placed	EDPL	wd_bu	wd_pl
c-1030_conseq_Otu00449_3_1588_bp	0.645565	0.645565	0.0196281	0.000948207	0.463287
c-1065_conseq_Otu00003_1281_1588_bp	0.836473	0.836473	0.0156949	0	0.163526
c-1073_conseq_Otu00431_3_1588_bp	1	1	0	0	0
c-112_conseq_Otu00106_18_1588_bp	1	1	0	0	0
c-1164_conseq_Otu00032_77_1588_bp	0.99818	0.99818	0	0	0
c-1182_conseq_Otu00244_6_1588_bp	0.92126	0.92126	0.000838356	0	0.07874
c-1236_conseq_Otu00093_21_1588_bp	0.909253	0.909253	0.00236599	0	0.090747
c-1330_conseq_Otu00083_24_1588_bp	0.960864	0.960864	0.000731464	0	0.039137
c-1347_conseq_Otu00288_5_1588_bp	0.368917	0.368917	0.0293919	0	0.631083
c-1435_conseq_Otu00013_316_1588_bp	0.329739	0.329739	0.0105963	6.2441e-05	0.681137
c-1449_conseq_Otu00044_50_1588_bp	1	1	0	0	0
c-1565_conseq_Otu00190_9_1588_bp	0.976882	0.976882	0.00216353	0.000328082	0.123077
c-1597_conseq_Otu00464_3_1588_bp	0.781513	0.781513	0.02726	0.00335131	0.800938
c-1639_conseq_Otu00133_13_1588_bp	0.950999	0.950999	0.00259622	0	0.039748
c-1708_conseq_Otu00028_101_1588_bp	0.332819	0.332819	0.00138134	0	0.663305
c-1714_conseq_Otu00165_11_1588_bp	0.999631	0.999631	0	0	0
c-1736_conseq_Otu00126_14_1588_bp	0.823723	0.823723	0.0137461	0	0.176278
c-1764_conseq_Otu00216_8_1588_bp	0.143073	0.142921	0.00135962	2.86044e-07	1.14312
c-1812_conseq_Otu00280_5_1588_bp	0.999497	0.999497	0	0	0
c-1814_conseq_Otu00055_42_1588_bp	1	1	0	0	0
c-1845_conseq_Otu00306_4_1588_bp	0.999982	0.999982	0	0	0
c-1889_conseq_Otu00342_4_1588_bp	0.983927	0.983927	0.00013566	0	0.008369
c-1913_conseq_Otu00043_53_1588_bp	0.200125	0.200125	0.000342603	0	0.799876
c-1973_conseq_Otu00047_46_1588_bp	1	1	0	0	0
c-1977_conseq_Otu00006_773_1588_bp	0.336901	0.336901	0.00540939	0	0.663089
c-2001_conseq_Otu00239_7_1588_bp	0.997713	0.997713	0	0	0
c-2016_conseq_Otu00099_20_1588_bp	0.998921	0.998921	0	0	0
c-204_conseq_Otu00305_4_1588_bp	1	1	0	0	0
c-2056_conseq_Otu00208_8_1588_bp	1	1	0	0	0
c-2077_conseq_Otu00343_4_1588_bp	1	1	0	0	0
c-2101_conseq_Otu00016_219_1588_bp	0.995546	0.995546	0	0	0
c-2109_conseq_Otu00045_50_1588_bp	1	1	0	0	0
c-2129_conseq_Otu00467_3_1588_bp	0.989738	0.989738	1.23064e-05	0	0.003908
c-2182_conseq_Otu00027_105_1588_bp	0.200003	0.200003	1.91999e-06	0	0.799997
c-2213_conseq_Otu00048_46_1588_bp	0.93969	0.93969	0.00162624	0	0.060264
c-224_conseq_Otu00234_7_1588_bp	0.99673	0.99673	0	0	0
c-2251_conseq_Otu00085_23_1588_bp	1	1	0	0	0
c-2326_conseq_Otu00024_107_1588_bp	1	1	0	0	0
c-2351_conseq_Otu00102_19_1588_bp	1	1	0	0	0
c-2359_conseq_Otu00275_5_1588_bp	0.555236	0.555236	0.0203879	0	0.444764
c-2360_conseq_Otu00089_22_1588_bp	0.694208	0.694208	0.0058504	0	0.305716
c-2372_conseq_Otu00344_4_1588_bp	1	1	0	0	0
c-2373_conseq_Otu00070_28_1588_bp	0.99997	0.99997	0	0	0
c-2395_conseq_Otu00010_402_1588_bp	0.999977	0.999977	0	0	0
c-2415_conseq_Otu00284_5_1588_bp	1	1	0	0	0
c-2420_conseq_Otu00132_14_1588_bp	0.613191	0.613191	0.00795297	0	0.386809
c-2505_conseq_Otu00046_47_1588_bp	0.200077	0.200077	0.0026329	3.99958e-07	1.19988
c-2520_conseq_Otu00001_6416_1588_bp	0.202805	0.202805	0.018943	0	0.797098
c-257_conseq_Otu00131_14_1588_bp	0.956	0.956	0.000330946	0	0.044
c-2629_conseq_Otu00229_7_1588_bp	0.938852	0.938852	0.0013631	0	0.060512
c-2751_conseq_Otu00168_11_1588_bp	0.999777	0.999777	0	0	0
c-2785_conseq_Otu00114_16_1588_bp	0.999999	0.999999	0	0	0
c-2786_conseq_Otu00268_6_1588_bp	0.954162	0.954162	0.00239764	0	0.043522
c-281_conseq_Otu00242_6_1588_bp	0.606593	0.606593	0.00290817	0.000700833	0.95111
c-2896_conseq_Otu00261_6_1588_bp	0.77172	0.77172	0.0157456	0.00021179	0.295912
c-307_conseq_Otu00241_6_1588_bp	0.854194	0.854194	0.00693649	0	0.145335
c-3206_conseq_Otu00098_20_1588_bp	0.871593	0.871593	0.00117522	2.59e-08	0.154306
c-3464_conseq_Otu00310_4_1588_bp	0.999984	0.999984	0	0	0
c-3514_conseq_Otu00345_4_1588_bp	1	1	0	0	0
c-366_conseq_Otu00300_5_1588_bp	1	1	0	0	0
c-3676_conseq_Otu00196_9_1588_bp	0.999256	0.999256	0	0	0
c-372_conseq_Otu00117_16_1588_bp	0.741664	0.741664	0.00546331	0	0.252247
c-3731_conseq_Otu00301_5_1588_bp	0.95672	0.95672	0.000427898	0	0.042353
c-3908_conseq_Otu00293_5_1588_bp	1	1	0	0	0
c-3956_conseq_Otu00134_13_1588_bp	0.333388	0.333388	0.00336329	0	0.666611
c-3965_conseq_Otu00331_4_1588_bp	0.999858	0.999858	0	0	0
c-404_conseq_Otu00068_30_1588_bp	0.200112	0.200112	0.000369439	3.99866e-07	1.19975
c-410_conseq_Otu00084_23_1588_bp	0.321201	0.321201	0.00116625	4.71141e-05	0.715099
c-4180_conseq_Otu00042_53_1588_bp	0.451087	0.451087	0.019318	0	0.547852
c-423_conseq_Otu00155_11_1588_bp	1	1	0	0	0
c-431_conseq_Otu00124_15_1588_bp	0.995471	0.995471	0	0	0
c-4331_conseq_Otu00056_35_1588_bp	0.999619	0.999619	0	0	0
c-4430_conseq_Otu00468_3_1588_bp	0.653151	0.653151	0.0035136	0	0.346776
c-4551_conseq_Otu00204_8_1588_bp	0.792314	0.792314	0.00522622	0.000354066	0.285101
c-4567_conseq_Otu00030_90_1588_bp	0.326896	0.326896	0.00124451	0	0.663747
c-463_conseq_Otu00236_7_1588_bp	0.999958	0.999958	0	0	0
c-4670_conseq_Otu00008_588_1588_bp	0.200019	0.200019	1.43999e-06	3.9999e-07	1.19997
c-4706_conseq_Otu00213_8_1588_bp	1	1	0	0	0
c-474_conseq_Otu00105_18_1588_bp	0.111294	0.11122	0.00302371	0.00024054	1.33277
c-4816_conseq_Otu00181_9_1588_bp	0.993825	0.993825	0	0	0
c-4855_conseq_Otu00231_7_1588_bp	1	1	0	0	0
c-4893_conseq_Otu00115_16_1588_bp	0.794191	0.794191	0.0022738	0	0.197147
c-4930_conseq_Otu00060_33_1588_bp	0.200117	0.200117	1.43993e-06	3.9994e-07	1.19982
c-5093_conseq_Otu00038_64_1588_bp	0.582695	0.582695	0.00228395	0	0.407577
c-5136_conseq_Otu00022_129_1588_bp	1	1	0	0	0
c-5148_conseq_Otu00082_24_1588_bp	0.923785	0.923785	0.0101567	0	0.076024
c-5150_conseq_Otu00466_3_1588_bp	1	1	0	0	0
c-5167_conseq_Otu00123_15_1588_bp	1	1	0	0	0
c-5184_conseq_Otu00111_17_1588_bp	0.333443	0.333443	0.000455015	0	0.666557
c-520_conseq_Otu00461_3_1588_bp	1	1	0	0	0
c-5233_conseq_Otu00219_8_1588_bp	1	1	0	0	0
c-5240_conseq_Otu00164_11_1588_bp	0.999978	0.999978	0	0	0
c-5292_conseq_Otu00119_16_1588_bp	0.872535	0.872535	2.38685e-07	0	0.127466
c-5298_conseq_Otu00145_12_1588_bp	0.651064	0.651064	0.0112103	0	0.348333
c-5323_conseq_Otu00091_22_1588_bp	0.111146	0.111107	2.46914e-06	1.3334e-06	2.2223
c-5380_conseq_Otu00066_31_1588_bp	0.245393	0.245393	0.00619753	0.00103396	1.07752
c-5383_conseq_Otu00097_20_1588_bp	0.350033	0.350033	0.000285428	3.16604e-07	0.966571
c-5450_conseq_Otu00463_3_1588_bp	1	1	0	0	0
c-5485_conseq_Otu00128_14_1588_bp	1	1	0	0	0
c-551_conseq_Otu00151_12_1588_bp	0.835266	0.835266	0.00610439	0	0.164735
c-557_conseq_Otu00113_17_1588_bp	0.999999	0.999999	0	0	0
c-5661_conseq_Otu00465_3_1588_bp	0.418625	0.418625	0.0171119	0	0.58081
c-5721_conseq_Otu00281_5_1588_bp	0.999947	0.999947	0	0	0
c-5731_conseq_Otu00235_7_1588_bp	1	1	0	0	0
c-5778_conseq_Otu00080_24_1588_bp	1	1	0	0	0
c-5788_conseq_Otu00137_13_1588_bp	0.794148	0.794148	0.0626836	0	0.20583
c-5829_conseq_Otu00224_7_1588_bp	0.999987	0.999987	0	0	0
c-5833_conseq_Otu00040_54_1588_bp	0.322527	0.322527	0.0251504	6.90123e-05	0.727948
c-5853_conseq_Otu00272_6_1588_bp	0.740392	0.740392	0.0135335	0	0.259607
c-589_conseq_Otu00057_34_1588_bp	0.144003	0.143772	0.00473827	0.000339785	1.13959
c-5912_conseq_Otu00176_10_1588_bp	0.998235	0.998235	0	0	0
c-5922_conseq_Otu00173_10_1588_bp	0.910527	0.910527	0.00132548	0	0.085303
c-5947_conseq_Otu00223_7_1588_bp	0.333206	0.333206	8.88006e-07	0	0.66631
c-5948_conseq_Otu00218_8_1588_bp	0.333334	0.333334	0.000456497	0	0.666666
c-5959_conseq_Otu00122_15_1588_bp	1	1	0	0	0
c-5983_conseq_Otu00007_740_1588_bp	0.340356	0.340356	0.00273337	0	0.659644
c-5997_conseq_Otu00062_31_1588_bp	0.889281	0.889281	0.00246028	0	0.1061
c-6000_conseq_Otu00035_73_1588_bp	0.40487	0.40487	0.000998318	0	0.59513
c-6005_conseq_Otu00020_161_1588_bp	0.956328	0.956328	0.000958776	1.44892e-05	0.063408
c-6009_conseq_Otu00460_3_1588_bp	0.999948	0.999948	0	0	0
c-6067_conseq_Otu00186_9_1588_bp	0.412843	0.412843	0.0222954	0	0.579792
c-6131_conseq_Otu00018_189_1588_bp	0.998574	0.998574	0	0	0
c-6137_conseq_Otu00067_31_1588_bp	0.142951	0.142951	1.87752e-06	8.57044e-07	1.71409
c-6143_conseq_Otu00240_6_1588_bp	1	1	0	0	0
c-6164_conseq_Otu00017_209_1588_bp	0.999965	0.999965	0	0	0
c-6170_conseq_Otu00108_18_1588_bp	1	1	0	0	0
c-6173_conseq_Otu00266_6_1588_bp	0.99994	0.99994	0	0	0
c-6224_conseq_Otu00029_92_1588_bp	0.985726	0.985726	0.000152711	0	0.007197
c-6233_conseq_Otu00072_27_1588_bp	0.842714	0.842714	0.00172025	5.82485e-05	0.190868
c-6244_conseq_Otu00271_6_1588_bp	0.763593	0.763593	0.00595742	0	0.236198
c-6309_conseq_Otu00036_69_1588_bp	0.999999	0.999999	0	0	0
c-6324_conseq_Otu00225_7_1588_bp	0.647191	0.647191	8.71713e-07	1.76404e-07	0.529212
c-6332_conseq_Otu00025_107_1588_bp	0.69715	0.69715	0.00306309	0.000242645	0.420859
c-6351_conseq_Otu00162_11_1588_bp	0.333385	0.333385	0.000526854	0	0.666615
c-6398_conseq_Otu00109_17_1588_bp	0.998817	0.998817	0	0	0
c-6410_conseq_Otu00159_11_1588_bp	0.999805	0.999805	0	0	0
c-6421_conseq_Otu00004_935_1588_bp	0.333457	0.333457	0.00336024	0	0.666542
c-6445_conseq_Otu00282_5_1588_bp	0.789882	0.789882	0.00529934	4.35025e-05	0.258166
c-6454_conseq_Otu00031_81_1588_bp	0.333495	0.333495	0.00793672	0	0.666505
c-6456_conseq_Otu00059_33_1588_bp	0.841334	0.841334	0.000364072	2.55914e-05	0.165088
c-6471_conseq_Otu00232_7_1588_bp	1	1	0	0	0
c-6481_conseq_Otu00179_10_1588_bp	0.999994	0.999994	0	0	0
c-648_conseq_Otu00346_4_1588_bp	0.724148	0.724148	0.0102783	0.000597837	0.44634
c-6538_conseq_Otu00051_44_1588_bp	0.142869	0.142869	1.87754e-06	8.57127e-07	1.71426
c-6656_conseq_Otu00015_231_1588_bp	0.251319	0.251319	0.00912002	0.000756082	2.22274
c-6725_conseq_Otu00152_12_1588_bp	1	1	0	0	0
c-6814_conseq_Otu00005_923_1588_bp	0.978684	0.978684	0.000204217	3.15345e-05	0.026821
c-6882_conseq_Otu00157_11_1588_bp	0.546494	0.546494	5.16334e-07	0	0.453506
c-6926_conseq_Otu00100_20_1588_bp	1	1	0	0	0
c-694_conseq_Otu00197_8_1588_bp	0.20074	0.200472	0.0061558	0	0.799528
c-6998_conseq_Otu00459_3_1588_bp	0.999323	0.999323	0	0	0
c-7059_conseq_Otu00252_6_1588_bp	0.211409	0.211409	0.0058666	0.000994455	1.57715
c-7298_conseq_Otu00462_3_1588_bp	0.63553	0.63553	0.00764497	0	0.355146
c-7334_conseq_Otu00052_43_1588_bp	0.2921	0.2921	0.00123316	0	0.7079
c-7374_conseq_Otu00221_7_1588_bp	0.999796	0.999796	0	0	0
c-743_conseq_Otu00058_33_1588_bp	0.999996	0.999996	0	0	0
c-7528_conseq_Otu00329_4_1588_bp	0.999459	0.999459	0	0	0
c-7548_conseq_Otu00079_24_1588_bp	0.982056	0.982056	1.75533e-08	0	0.008937
c-7549_conseq_Otu00148_12_1588_bp	1	1	0	0	0
c-7611_conseq_Otu00011_390_1588_bp	0.142721	0.142721	0.00537686	2.85274e-07	1.14114
c-7670_conseq_Otu00012_375_1588_bp	0.333383	0.333383	8.88806e-07	0	0.666592
c-7708_conseq_Otu00198_8_1588_bp	0.187871	0.187871	0.00308165	0.000570474	1.375
c-7844_conseq_Otu00350_4_1588_bp	1	1	0	0	0
c-786_conseq_Otu00440_3_1588_bp	0.648355	0.648355	0.00493236	0.000443622	0.390348
c-7870_conseq_Otu00294_5_1588_bp	0.545519	0.545519	0.0247961	0.000414304	0.737697
c-789_conseq_Otu00238_7_1588_bp	0.996969	0.996969	0	0	0
c-7917_conseq_Otu00233_7_1588_bp	0.75361	0.75361	0.0402656	0	0.240781
c-7974_conseq_Otu00101_19_1588_bp	0.997955	0.997955	0	0	0
c-806_conseq_Otu00116_16_1588_bp	0.996644	0.996644	0	0	0
c-8229_conseq_Otu00033_76_1588_bp	1	1	0	0	0
c-8263_conseq_Otu00353_4_1588_bp	0.877273	0.877273	0.00325225	0	0.113204
c-8326_conseq_Otu00210_8_1588_bp	0.829679	0.829679	0.0141383	0	0.170321
c-8342_conseq_Otu00337_4_1588_bp	1	1	0	0	0
c-8348_conseq_Otu00325_4_1588_bp	1	1	0	0	0
c-8376_conseq_Otu00088_23_1588_bp	0.997126	0.997126	0	0	0
c-8387_conseq_Otu00135_13_1588_bp	0.771177	0.771177	0.00219231	8.24245e-05	0.283478
c-8415_conseq_Otu00130_14_1588_bp	0.742804	0.742804	0.00532603	0.000892016	0.576214
c-8421_conseq_Otu00094_21_1588_bp	1	1	0	0	0
c-8433_conseq_Otu00250_6_1588_bp	0.933733	0.933733	0.00297854	8.53e-09	0.072644
c-8446_conseq_Otu00021_157_1588_bp	0.615833	0.615833	0.0124447	0	0.37469
c-8459_conseq_Otu00158_11_1588_bp	0.999863	0.999863	0	0	0
c-8502_conseq_Otu00328_4_1588_bp	1	1	0	0	0
c-8530_conseq_Otu00249_6_1588_bp	0.585795	0.585795	0.00371633	0	0.411357
c-8534_conseq_Otu00009_435_1588_bp	1	1	0	0	0
c-8541_conseq_Otu00127_14_1588_bp	0.333705	0.332664	0.00141141	0	0.667336
c-8562_conseq_Otu00260_6_1588_bp	1	1	0	0	0
c-8582_conseq_Otu00283_5_1588_bp	0.999939	0.999939	0	0	0
c-8622_conseq_Otu00298_5_1588_bp	0.676432	0.676432	0.0677733	0	0.322154
c-8663_conseq_Otu00061_31_1588_bp	0.336525	0.336525	0.0319771	0	0.663471
c-8684_conseq_Otu00154_11_1588_bp	0.673585	0.673585	0.0114398	0	0.318548
c-868_conseq_Otu00034_75_1588_bp	0.996978	0.996978	0	0	0
c-8709_conseq_Otu00142_13_1588_bp	0.338809	0.338809	0.0122941	0	0.661181
c-8714_conseq_Otu00118_16_1588_bp	0.984764	0.984764	0.00192539	0	0.007555
c-8805_conseq_Otu00184_9_1588_bp	0.889542	0.889542	0.00233001	0	0.110458
c-8830_conseq_Otu00303_5_1588_bp	0.960288	0.960288	0.00161111	0	0.039712
c-8839_conseq_Otu00090_22_1588_bp	0.999951	0.999951	0	0	0
c-8846_conseq_Otu00201_8_1588_bp	1	1	0	0	0
c-8874_conseq_Otu00254_6_1588_bp	1	1	0	0	0
c-8891_conseq_Otu00023_117_1588_bp	0.99563	0.99563	0	0	0
c-8898_conseq_Otu00087_23_1588_bp	0.470691	0.470691	0.0162424	0.00257991	1.46374
c-906_conseq_Otu00146_12_1588_bp	0.455047	0.455047	0.0170323	0	0.544712
c-9118_conseq_Otu00019_186_1588_bp	0.927077	0.927077	0.00611744	0	0.072878
c-9230_conseq_Otu00285_5_1588_bp	1	1	0	0	0
c-927_conseq_Otu00054_43_1588_bp	0.199489	0.199489	0.00209004	3.98741e-07	1.19622
c-9300_conseq_Otu00112_17_1588_bp	0.861482	0.861482	0.0134381	0	0.138518
c-9326_conseq_Otu00206_8_1588_bp	0.893738	0.893738	0.0136913	0	0.106262
c-935_conseq_Otu00069_29_1588_bp	0.999997	0.999997	0	0	0
c-947_conseq_Otu00141_13_1588_bp	0.333454	0.333454	0.00324476	0	0.666507
c-982_conseq_Otu00332_4_1588_bp	0.657229	0.657229	0.0132734	0.000650683	0.453186
c-9835_conseq_Otu00170_10_1588_bp	0.99959	0.99959	0	0	0
m54032_170210_154134_11797034_ccs_Otu00575_2_1588_bp	0.945032	0.945032	0.019481	0.000735261	0.238113
m54032_170210_154134_12583609_ccs_Otu00323_4_1588_bp	0.988876	0.988876	0.00245541	0	0.008951
m54032_170210_154134_13239088_ccs_Otu00193_9_1588_bp	0.991902	0.991902	0	0	0
m54032_170210_154134_14418720_ccs_Otu00358_4_1588_bp	0.312137	0.312137	0.0296894	0.0025324	1.15971
m54032_170210_154134_14877555_ccs_Otu00563_2_1588_bp	0.831915	0.831915	0.0486687	0	0.168084
m54032_170210_154134_15401940_ccs_Otu00139_13_1588_bp	0.999999	0.999999	0	0	0
m54032_170210_154134_15795028_ccs_Otu00039_63_1588_bp	0.950548	0.950548	0.0023186	7.83295e-05	0.071538
m54032_170210_154134_15925581_ccs_Otu00192_9_1588_bp	1	1	0	0	0
m54032_170210_154134_16515714_ccs_Otu00255_6_1588_bp	0.873567	0.873567	0.000517608	0	0.126046
m54032_170210_154134_19137092_ccs_Otu00505_2_1588_bp	0.998932	0.998932	0	0	0
m54032_170210_154134_19398856_ccs_Otu00185_9_1588_bp	0.932659	0.932659	0.00618563	0	0.067195
m54032_170210_154134_19595523_ccs_Otu00529_2_1588_bp	0.999907	0.999907	0	0	0
m54032_170210_154134_21365411_ccs_Otu00592_2_1588_bp	0.999791	0.999791	0	0	0
m54032_170210_154134_21430739_ccs_Otu00335_4_1588_bp	1	1	0	0	0
m54032_170210_154134_23790545_ccs_Otu00578_2_1588_bp	0.861547	0.861547	0.00809991	0	0.138452
m54032_170210_154134_24248919_ccs_Otu00565_2_1588_bp	0.566866	0.566866	0.0447446	0	0.433133
m54032_170210_154134_24511160_ccs_Otu00531_2_1588_bp	0.928619	0.928619	0.00609073	0	0.071381
m54032_170210_154134_25166565_ccs_Otu00446_3_1588_bp	0.931137	0.931137	0.0117615	8.88277e-05	0.079081
m54032_170210_154134_26214518_ccs_Otu00063_31_1588_bp	0.198132	0.198132	0.0114283	4.86725e-05	0.818457
m54032_170210_154134_26477122_ccs_Otu00436_3_1588_bp	0.943849	0.943849	0.00151237	0	0.056151
m54032_170210_154134_28443142_ccs_Otu00286_5_1588_bp	0.764692	0.764692	0.0185472	0	0.235307
m54032_170210_154134_28508344_ccs_Otu00631_2_1588_bp	1	1	0	0	0
m54032_170210_154134_29098380_ccs_Otu00248_6_1588_bp	1	1	0	0	0
m54032_170210_154134_29360267_ccs_Otu00175_10_1588_bp	0.600073	0.600073	0.00299903	6.6581e-08	0.466507
m54032_170210_154134_29622949_ccs_Otu00299_5_1588_bp	1	1	0	0	0
m54032_170210_154134_30278129_ccs_Otu00077_25_1588_bp	1	1	0	0	0
m54032_170210_154134_30671731_ccs_Otu00560_2_1588_bp	0.703383	0.703383	0.0264998	0	0.295572
m54032_170210_154134_31458233_ccs_Otu00169_11_1588_bp	0.994162	0.994162	0	0	0
m54032_170210_154134_35259198_ccs_Otu00384_3_1588_bp	0.999997	0.999997	0	0	0
m54032_170210_154134_36569815_ccs_Otu00626_2_1588_bp	1	1	0	0	0
m54032_170210_154134_38535521_ccs_Otu00371_3_1588_bp	0.896962	0.896962	0.0199172	0.000182322	0.134558
m54032_170210_154134_41550060_ccs_Otu00454_3_1588_bp	0.990499	0.990499	0	0	0
m54032_170210_154134_42270821_ccs_Otu00426_3_1588_bp	1	1	0	0	0
m54032_170210_154134_42729615_ccs_Otu00395_3_1588_bp	0.999963	0.999963	0	0	0
m54032_170210_154134_45679577_ccs_Otu00429_3_1588_bp	0.333986	0.332174	0.00284347	0	0.667826
m54032_170210_154134_47579417_ccs_Otu00476_2_1588_bp	0.198487	0.198487	0.00696112	3.96883e-07	1.19068
m54032_170210_154134_48496837_ccs_Otu00375_3_1588_bp	1	1	0	0	0
m54032_170210_154134_49545999_ccs_Otu00410_3_1588_bp	1	1	0	0	0
m54032_170210_154134_50201219_ccs_Otu00495_2_1588_bp	0.999935	0.999935	0	0	0
m54032_170210_154134_50266641_ccs_Otu00002_1322_1588_bp	1	1	0	0	0
m54032_170210_154134_50725473_ccs_Otu00442_3_1588_bp	0.824804	0.824804	0.00163095	9.9199e-08	0.274348
m54032_170210_154134_50921770_ccs_Otu00649_2_1588_bp	0.47055	0.47055	0.0143602	0.00016608	0.595628
m54032_170210_154134_51118331_ccs_Otu00611_2_1588_bp	0.260417	0.260417	0.0411072	0.000470232	1.08645
m54032_170210_154134_51184124_ccs_Otu00507_2_1588_bp	0.999963	0.999963	0	0	0
m54032_170210_154134_52757196_ccs_Otu00506_2_1588_bp	0.152982	0.152982	0.00281879	4.48967e-05	1.24194
m54032_170210_154134_52887793_ccs_Otu00502_2_1588_bp	0.984492	0.984492	6.58857e-05	0	0.008038
m54032_170210_154134_52888536_ccs_Otu00324_4_1588_bp	0.999998	0.999998	0	0	0
m54032_170210_154134_53019089_ccs_Otu00551_2_1588_bp	1	1	0	0	0
m54032_170210_154134_54001751_ccs_Otu00515_2_1588_bp	0.797835	0.797835	0.00210734	8.5468e-08	0.282272
m54032_170210_154134_55050984_ccs_Otu00404_3_1588_bp	0.531322	0.531322	0.0413513	0	0.468645
m54032_170210_154134_55641023_ccs_Otu00049_45_1588_bp	0.841876	0.841876	0.00408134	5.2016e-08	0.208636
m54032_170210_154134_55968023_ccs_Otu00573_2_1588_bp	0.989144	0.989144	0.000161745	0	0.00547
m54032_170210_154134_56099783_ccs_Otu00352_4_1588_bp	0.987774	0.987774	8.95444e-05	0	0.006331
m54032_170210_154134_58327959_ccs_Otu00512_2_1588_bp	0.950174	0.950174	0.000718503	0	0.049826
m54032_170210_154134_58524441_ccs_Otu00538_2_1588_bp	1	1	0	0	0
m54032_170210_154134_61734990_ccs_Otu00188_9_1588_bp	1	1	0	0	0
m54032_170210_154134_61800677_ccs_Otu00424_3_1588_bp	0.989536	0.989536	0.000786594	0	0.007626
m54032_170210_154134_62128945_ccs_Otu00412_3_1588_bp	1	1	0	0	0
m54032_170210_154134_63046257_ccs_Otu00149_12_1588_bp	0.330706	0.330706	0.00662191	0	0.661105
m54032_170210_154134_64422483_ccs_Otu00405_3_1588_bp	0.587407	0.587407	0.0150832	0.000283823	0.502778
m54032_170210_154134_6488584_ccs_Otu00418_3_1588_bp	0.810118	0.810118	0.0300221	0	0.189874
m54032_170210_154134_65601609_ccs_Otu00389_3_1588_bp	0.998619	0.998619	0	0	0
m54032_170210_154134_65733281_ccs_Otu00555_2_1588_bp	1	1	0	0	0
m54032_170210_154134_65995478_ccs_Otu00607_2_1588_bp	1	1	0	0	0
m54032_170210_154134_6684917_ccs_Otu00177_10_1588_bp	0.239728	0.239728	0.010775	0.000611374	1.04539
m54032_170210_154134_67371271_ccs_Otu00564_2_1588_bp	0.991028	0.991028	0	0	0
m54032_170210_154134_67437517_ccs_Otu00251_6_1588_bp	0.898669	0.898669	0.013968	0	0.099479
m54032_170210_154134_69206382_ccs_Otu00489_2_1588_bp	0.871343	0.871343	0.00481613	0	0.120914
m54032_170210_154134_69272056_ccs_Otu00589_2_1588_bp	1	1	0	0	0
m54032_170210_154134_70255583_ccs_Otu00483_2_1588_bp	1	1	0	0	0
m54032_170210_154134_70779160_ccs_Otu00415_3_1588_bp	1	1	0	0	0
m54032_170210_154134_71107544_ccs_Otu00648_2_1588_bp	0.534447	0.534447	0.0147089	0.0066761	1.77118
m54032_170210_154134_72352254_ccs_Otu00381_3_1588_bp	0.672242	0.672242	0.00672424	0	0.32258
m54032_170210_154134_7340600_ccs_Otu00317_4_1588_bp	0.409103	0.409103	0.42185	0.0725675	7.7874
m54032_170210_154134_74187149_ccs_Otu00513_2_1588_bp	0.774158	0.774158	0.00441719	0	0.219017
m54032_170210_154134_74449096_ccs_Otu00618_2_1588_bp	0.889532	0.889532	0.00146339	0	0.104429
m54032_170210_154134_8782393_ccs_Otu00200_8_1588_bp	0.951359	0.951359	0.00241348	0	0.046891
m54032_170210_154134_8847650_ccs_Otu00295_5_1588_bp	1	1	0	0	0
m54032_170210_154134_9241405_ccs_Otu00480_2_1588_bp	0.854506	0.854506	0.00493035	0	0.145494
m54088_170214_101554_10027668_ccs_Otu00605_2_1588_bp	0.912539	0.912539	0.0181402	0	0.087461
m54088_170214_101554_10945034_ccs_Otu00638_2_1588_bp	0.640922	0.640922	0.0495477	0.00191183	0.373561
m54088_170214_101554_15401713_ccs_Otu00318_4_1588_bp	1	1	0	0	0
m54088_170214_101554_15926018_ccs_Otu00634_2_1588_bp	0.333937	0.333937	0.000519124	0	0.666064
m54088_170214_101554_16843333_ccs_Otu00453_3_1588_bp	0.355605	0.355605	0.00708669	0	0.644395
m54088_170214_101554_18547470_ccs_Otu00333_4_1588_bp	1	1	0	0	0
m54088_170214_101554_19923796_ccs_Otu00539_2_1588_bp	0.983691	0.983691	5.09561e-05	0	0.008823
m54088_170214_101554_20709485_ccs_Otu00580_2_1588_bp	0.999831	0.999831	0	0	0
m54088_170214_101554_21365230_ccs_Otu00390_3_1588_bp	0.999724	0.999724	0	0	0
m54088_170214_101554_21889432_ccs_Otu00304_5_1588_bp	0.20155	0.20155	0.00728975	0.000849446	1.19458
m54088_170214_101554_21955249_ccs_Otu00199_8_1588_bp	1	1	0	0	0
m54088_170214_101554_22479816_ccs_Otu00520_2_1588_bp	0.245514	0.245514	0.0185198	0.00071253	1.10457
m54088_170214_101554_22806837_ccs_Otu00647_2_1588_bp	1	1	0	0	0
m54088_170214_101554_23396962_ccs_Otu00612_2_1588_bp	0.419533	0.419533	0.0200654	0	0.580467
m54088_170214_101554_24510766_ccs_Otu00373_3_1588_bp	0.99876	0.99876	0	0	0
m54088_170214_101554_24838546_ccs_Otu00508_2_1588_bp	0.333366	0.333366	0.0155805	0	0.666291
m54088_170214_101554_25297533_ccs_Otu00150_12_1588_bp	0.904563	0.904563	0.00489352	0	0.093132
m54088_170214_101554_26215023_ccs_Otu00525_2_1588_bp	0.998196	0.998196	0	0	0
m54088_170214_101554_26935601_ccs_Otu00125_14_1588_bp	0.198947	0.198947	0.00821282	0.00035179	0.859155
m54088_170214_101554_27001758_ccs_Otu00519_2_1588_bp	0.837093	0.837093	0.0220736	0	0.158163
m54088_170214_101554_29098954_ccs_Otu00487_2_1588_bp	0.314283	0.314283	0.0184299	0.000119351	0.769183
m54088_170214_101554_29885244_ccs_Otu00183_9_1588_bp	0.999967	0.999967	0	0	0
m54088_170214_101554_30343641_ccs_Otu00594_2_1588_bp	0.507869	0.507869	0.00340105	0.000209402	0.542592
m54088_170214_101554_32637044_ccs_Otu00497_2_1588_bp	0.915395	0.915395	0.00441419	0	0.084606
m54088_170214_101554_32768766_ccs_Otu00585_2_1588_bp	0.333361	0.333361	8.88793e-07	0	0.6666
m54088_170214_101554_35193430_ccs_Otu00441_3_1588_bp	0.720982	0.720982	0.00337929	0	0.278958
m54088_170214_101554_35848711_ccs_Otu00214_8_1588_bp	1	1	0	0	0
m54088_170214_101554_36438655_ccs_Otu00425_3_1588_bp	1	1	0	0	0
m54088_170214_101554_36897706_ccs_Otu00614_2_1588_bp	1	1	0	0	0
m54088_170214_101554_38535673_ccs_Otu00071_28_1588_bp	0.83049	0.83049	0.00519249	0.000517549	0.294088
m54088_170214_101554_41091495_ccs_Otu00574_2_1588_bp	0.731564	0.731564	0.0125249	0.000137949	0.270286
m54088_170214_101554_42140459_ccs_Otu00380_3_1588_bp	0.242958	0.242958	0.0478294	0.00593779	1.14528
m54088_170214_101554_43778960_ccs_Otu00316_4_1588_bp	0.342554	0.342554	0.00266202	0	0.654259
m54088_170214_101554_44761499_ccs_Otu00365_3_1588_bp	0.950896	0.950896	0.00219355	0	0.049104
m54088_170214_101554_45351375_ccs_Otu00456_3_1588_bp	0.494442	0.494442	0.0178823	0.00670092	1.00663
m54088_170214_101554_46858937_ccs_Otu00579_2_1588_bp	0.984013	0.984013	0.000403704	0	0.008049
m54088_170214_101554_47120562_ccs_Otu00492_2_1588_bp	0.901662	0.901662	0.00175589	0	0.098337
m54088_170214_101554_48300108_ccs_Otu00504_2_1588_bp	0.337375	0.337375	0.00771684	0	0.662626
m54088_170214_101554_49676803_ccs_Otu00635_2_1588_bp	0.380096	0.380096	0.00264672	0	0.619904
m54088_170214_101554_51250069_ccs_Otu00547_2_1588_bp	1	1	0	0	0
m54088_170214_101554_51839075_ccs_Otu00445_3_1588_bp	0.992279	0.992279	0	0	0
m54088_170214_101554_52822462_ccs_Otu00408_3_1588_bp	0.994615	0.994615	0	0	0
m54088_170214_101554_54263951_ccs_Otu00455_3_1588_bp	0.975255	0.975255	0.000776131	0	0.015835
m54088_170214_101554_54461103_ccs_Otu00443_3_1588_bp	1	1	0	0	0
m54088_170214_101554_55181446_ccs_Otu00475_2_1588_bp	0.915895	0.915895	0.00171333	0	0.084038
m54088_170214_101554_55378723_ccs_Otu00439_3_1588_bp	0.854704	0.854704	0.00343719	0	0.140077
m54088_170214_101554_57541528_ccs_Otu00292_5_1588_bp	1	1	0	0	0
m54088_170214_101554_5898454_ccs_Otu00136_13_1588_bp	0.999924	0.999924	0	0	0
m54088_170214_101554_59572300_ccs_Otu00588_2_1588_bp	0.585016	0.585016	0.0367446	0.000544754	0.533211
m54088_170214_101554_59769536_ccs_Otu00209_8_1588_bp	0.200633	0.200426	0.00618979	0	0.799393
m54088_170214_101554_61473411_ccs_Otu00296_5_1588_bp	0.999981	0.999981	0	0	0
m54088_170214_101554_61735389_ccs_Otu00595_2_1588_bp	1	1	0	0	0
m54088_170214_101554_62718575_ccs_Otu00171_10_1588_bp	1	1	0	0	0
m54088_170214_101554_62915227_ccs_Otu00320_4_1588_bp	0.655578	0.655578	0.00995344	0	0.339531
m54088_170214_101554_63636059_ccs_Otu00041_53_1588_bp	0.96175	0.96175	0.000523138	0	0.032234
m54088_170214_101554_63898102_ccs_Otu00629_2_1588_bp	0.32559	0.32559	0.00176397	2.73753e-05	0.696685
m54088_170214_101554_64553700_ccs_Otu00534_2_1588_bp	0.894634	0.894634	0.0181919	0.000507714	0.22223
m54088_170214_101554_67044099_ccs_Otu00608_2_1588_bp	0.906965	0.906965	0.00669775	0	0.085923
m54088_170214_101554_67698771_ccs_Otu00140_13_1588_bp	0.995483	0.995483	0	0	0
m54088_170214_101554_69533769_ccs_Otu00403_3_1588_bp	1	1	0	0	0
m54088_170214_101554_7012738_ccs_Otu00270_6_1588_bp	0.935071	0.935071	0.00265839	0	0.064929
m54088_170214_101554_73925144_ccs_Otu00121_15_1588_bp	1	1	0	0	0
m54088_170214_101554_8978932_ccs_Otu00632_2_1588_bp	0.999747	0.999747	0	0	0
m54088_170214_101554_9044787_ccs_Otu00322_4_1588_bp	1	1	0	0	0
m54088_170214_101554_9110177_ccs_Otu00387_3_1588_bp	0.916253	0.916253	0.000790438	0	0.078304
m54088_170214_101554_9306600_ccs_Otu00477_2_1588_bp	0.882598	0.882598	0.0200926	0	0.117381
m54088_170214_101554_9634642_ccs_Otu00617_2_1588_bp	0.985624	0.985624	0.000828792	0.000170911	0.03678
m54088_170214_101554_9765633_ccs_Otu00451_3_1588_bp	0.997048	0.997048	0	0	0
m54088_170214_101554_9961801_ccs_Otu00267_6_1588_bp	1	1	0	0	0
m54088_170216_085445_10486515_ccs_Otu00541_2_1588_bp	0.417923	0.417923	0.0319944	0.000153672	0.60612
m54088_170216_085445_11010804_ccs_Otu00482_2_1588_bp	0.85412	0.85412	0.012157	0	0.14124
m54088_170216_085445_11075909_ccs_Otu00262_6_1588_bp	0.998784	0.998784	0	0	0
m54088_170216_085445_11534828_ccs_Otu00327_4_1588_bp	1	1	0	0	0
m54088_170216_085445_11600425_ccs_Otu00278_5_1588_bp	0.999894	0.999894	0	0	0
m54088_170216_085445_12058985_ccs_Otu00562_2_1588_bp	1	1	0	0	0
m54088_170216_085445_12124471_ccs_Otu00521_2_1588_bp	0.938912	0.938912	0.00311251	0	0.059211
m54088_170216_085445_12452784_ccs_Otu00536_2_1588_bp	1	1	0	0	0
m54088_170216_085445_12517891_ccs_Otu00543_2_1588_bp	0.999441	0.999441	0	0	0
m54088_170216_085445_12714314_ccs_Otu00302_5_1588_bp	0.333134	0.332785	0.000467627	0	0.666268
m54088_170216_085445_13173047_ccs_Otu00474_2_1588_bp	0.471262	0.471262	0.0104347	0.00163078	1.21427
m54088_170216_085445_13501296_ccs_Otu00572_2_1588_bp	0.414103	0.414103	0.0164918	0	0.577527
m54088_170216_085445_13566238_ccs_Otu00639_2_1588_bp	0.598928	0.598928	0.00578689	2.01093e-07	0.594167
m54088_170216_085445_13631611_ccs_Otu00452_3_1588_bp	0.33307	0.33307	1.3312e-06	0	0.666129
m54088_170216_085445_14025583_ccs_Otu00584_2_1588_bp	0.995537	0.995537	0	0	0
m54088_170216_085445_14156144_ccs_Otu00205_8_1588_bp	0.745319	0.745319	0.0237993	0	0.254667
m54088_170216_085445_14222207_ccs_Otu00479_2_1588_bp	0.999776	0.999776	0	0	0
m54088_170216_085445_14418261_ccs_Otu00416_3_1588_bp	0.992688	0.992688	0	0	0
m54088_170216_085445_14418389_ccs_Otu00553_2_1588_bp	0.813538	0.813538	0.00249006	0	0.186377
m54088_170216_085445_14615057_ccs_Otu00593_2_1588_bp	0.571179	0.571179	0.0411165	0	0.425924
m54088_170216_085445_14746128_ccs_Otu00388_3_1588_bp	0.999865	0.999865	0	0	0
m54088_170216_085445_14746490_ccs_Otu00535_2_1588_bp	0.895048	0.895048	0.0023268	9.26276e-05	0.185272
m54088_170216_085445_14811749_ccs_Otu00401_3_1588_bp	0.715909	0.715909	0.00517648	6.15072e-05	0.349818
m54088_170216_085445_14877140_ccs_Otu00430_3_1588_bp	0.897116	0.897116	0.0124051	0	0.102854
m54088_170216_085445_15008021_ccs_Otu00583_2_1588_bp	0.540465	0.540465	0.0264713	0	0.451266
m54088_170216_085445_15008703_ccs_Otu00530_2_1588_bp	0.343257	0.343257	0.0284578	0	0.656741
m54088_170216_085445_15532752_ccs_Otu00037_68_1588_bp	0.323925	0.323925	0.00289018	0.000206306	0.710581
m54088_170216_085445_15598163_ccs_Otu00570_2_1588_bp	0.453126	0.453126	0.141734	0	0.546142
m54088_170216_085445_15925521_ccs_Otu00542_2_1588_bp	1	1	0	0	0
m54088_170216_085445_15991085_ccs_Otu00110_17_1588_bp	1	1	0	0	0
m54088_170216_085445_16515600_ccs_Otu00276_5_1588_bp	0.658662	0.658662	0.00386782	0	0.341321
m54088_170216_085445_17236277_ccs_Otu00613_2_1588_bp	0.986055	0.986055	0.000700845	0	0.007383
m54088_170216_085445_17236353_ccs_Otu00265_6_1588_bp	0.999952	0.999952	0	0	0
m54088_170216_085445_17302405_ccs_Otu00065_31_1588_bp	0.944295	0.944295	0.00116598	2.6556e-08	0.080556
m54088_170216_085445_17367886_ccs_Otu00524_2_1588_bp	0.999937	0.999937	0	0	0
m54088_170216_085445_17563730_ccs_Otu00194_9_1588_bp	0.999818	0.999818	0	0	0
m54088_170216_085445_17957571_ccs_Otu00369_3_1588_bp	1	1	0	0	0
m54088_170216_085445_18350587_ccs_Otu00511_2_1588_bp	0.850772	0.850772	0.00126337	0	0.145989
m54088_170216_085445_18612763_ccs_Otu00096_21_1588_bp	0.721737	0.721737	0.00316825	0	0.27781
m54088_170216_085445_18678296_ccs_Otu00620_2_1588_bp	0.684396	0.684396	0.0252512	0	0.315492
m54088_170216_085445_18743923_ccs_Otu00566_2_1588_bp	0.984489	0.984489	0.000221108	4.22852e-06	0.015235
m54088_170216_085445_18809289_ccs_Otu00409_3_1588_bp	0.803613	0.803613	0.0221311	0	0.196388
m54088_170216_085445_18809347_ccs_Otu00220_8_1588_bp	0.997646	0.997646	0	0	0
m54088_170216_085445_18874910_ccs_Otu00182_9_1588_bp	0.993491	0.993491	0	0	0
m54088_170216_085445_19137150_ccs_Otu00444_3_1588_bp	0.999989	0.999989	0	0	0
m54088_170216_085445_19202225_ccs_Otu00076_25_1588_bp	0.200116	0.200116	0.00317943	3.99904e-07	1.19979
m54088_170216_085445_19268401_ccs_Otu00396_3_1588_bp	0.534061	0.534061	0.0211837	0.000318788	0.560933
m54088_170216_085445_19333452_ccs_Otu00577_2_1588_bp	0.99684	0.99684	0	0	0
m54088_170216_085445_19465103_ccs_Otu00367_3_1588_bp	1	1	0	0	0
m54088_170216_085445_19660986_ccs_Otu00438_3_1588_bp	1	1	0	0	0
m54088_170216_085445_19726707_ccs_Otu00624_2_1588_bp	0.99738	0.99738	0	0	0
m54088_170216_085445_20382483_ccs_Otu00226_7_1588_bp	0.982524	0.982524	0.000410846	3.6124e-05	0.042516
m54088_170216_085445_20775842_ccs_Otu00422_3_1588_bp	0.926242	0.926242	0.00249716	0	0.073378
m54088_170216_085445_20972431_ccs_Otu00143_12_1588_bp	0.200091	0.200091	1.43994e-06	3.99953e-07	1.19986
m54088_170216_085445_21495958_ccs_Otu00291_5_1588_bp	1	1	0	0	0
m54088_170216_085445_21495998_ccs_Otu00650_2_1588_bp	0.894695	0.894695	0.0167511	0	0.105305
m54088_170216_085445_21496217_ccs_Otu00382_3_1588_bp	0.983037	0.983037	0.000338387	0	0.010121
m54088_170216_085445_21823776_ccs_Otu00256_6_1588_bp	0.998493	0.998493	0	0	0
m54088_170216_085445_22216834_ccs_Otu00437_3_1588_bp	0.331461	0.331461	0.000471598	0	0.662548
m54088_170216_085445_22282805_ccs_Otu00178_10_1588_bp	0.956969	0.956969	0.00358752	0	0.038211
m54088_170216_085445_22348434_ccs_Otu00370_3_1588_bp	0.563883	0.563883	0.0160075	0	0.436117
m54088_170216_085445_22741555_ccs_Otu00569_2_1588_bp	0.998163	0.998163	0	0	0
m54088_170216_085445_23069176_ccs_Otu00628_2_1588_bp	0.75027	0.75027	0.0111386	0	0.245807
m54088_170216_085445_23069283_ccs_Otu00523_2_1588_bp	1	1	0	0	0
m54088_170216_085445_23593712_ccs_Otu00556_2_1588_bp	0.999834	0.999834	0	0	0
m54088_170216_085445_23659089_ccs_Otu00315_4_1588_bp	0.994221	0.994221	0	0	0
m54088_170216_085445_23986877_ccs_Otu00616_2_1588_bp	1	1	0	0	0
m54088_170216_085445_24380309_ccs_Otu00393_3_1588_bp	0.994643	0.994643	0	0	0
m54088_170216_085445_24510743_ccs_Otu00312_4_1588_bp	0.329571	0.329571	0.00101816	6.97787e-06	0.670919
m54088_170216_085445_24510863_ccs_Otu00253_6_1588_bp	0.752767	0.752767	0.00207796	0	0.242599
m54088_170216_085445_24707166_ccs_Otu00334_4_1588_bp	1	1	0	0	0
m54088_170216_085445_25363099_ccs_Otu00144_12_1588_bp	0.955826	0.955826	0.00125081	0	0.043937
m54088_170216_085445_25428597_ccs_Otu00147_12_1588_bp	0.987553	0.987553	0.000184869	0	0.004125
m54088_170216_085445_25756540_ccs_Otu00527_2_1588_bp	0.999997	0.999997	0	0	0
m54088_170216_085445_26149163_ccs_Otu00458_3_1588_bp	0.994634	0.994634	0	0	0
m54088_170216_085445_26215025_ccs_Otu00202_8_1588_bp	0.999999	0.999999	0	0	0
m54088_170216_085445_26411408_ccs_Otu00498_2_1588_bp	0.999958	0.999958	0	0	0
m54088_170216_085445_26411972_ccs_Otu00640_2_1588_bp	0.9897	0.9897	0.000677262	0	0.010288
m54088_170216_085445_26608194_ccs_Otu00228_7_1588_bp	0.999081	0.999081	0	0	0
m54088_170216_085445_26739551_ccs_Otu00227_7_1588_bp	0.970567	0.970567	0.0010323	0	0.029381
m54088_170216_085445_27001616_ccs_Otu00355_4_1588_bp	1	1	0	0	0
m54088_170216_085445_27001832_ccs_Otu00499_2_1588_bp	0.989691	0.989691	0.000205161	0	0.006977
m54088_170216_085445_27329184_ccs_Otu00308_4_1588_bp	0.999989	0.999989	0	0	0
m54088_170216_085445_27787507_ccs_Otu00339_4_1588_bp	0.997079	0.997079	0	0	0
m54088_170216_085445_27853223_ccs_Otu00372_3_1588_bp	0.928639	0.928639	0.0013162	4.3135e-05	0.074928
m54088_170216_085445_27984169_ccs_Otu00554_2_1588_bp	1	1	0	0	0
m54088_170216_085445_28050397_ccs_Otu00297_5_1588_bp	1	1	0	0	0
m54088_170216_085445_28115316_ccs_Otu00360_3_1588_bp	0.996115	0.996115	0	0	0
m54088_170216_085445_28705118_ccs_Otu00104_18_1588_bp	0.957516	0.957516	0.000964396	0	0.042484
m54088_170216_085445_28770867_ccs_Otu00361_3_1588_bp	1	1	0	0	0
m54088_170216_085445_28901655_ccs_Otu00195_9_1588_bp	0.917834	0.917834	0.0020252	0	0.082166
m54088_170216_085445_29098128_ccs_Otu00469_2_1588_bp	0.830791	0.830791	0.00908919	0	0.169106
m54088_170216_085445_29098653_ccs_Otu00311_4_1588_bp	0.84962	0.84962	0.00127809	0	0.15038
m54088_170216_085445_29164066_ccs_Otu00622_2_1588_bp	0.986629	0.986629	0.000809994	0	0.006951
m54088_170216_085445_29295581_ccs_Otu00586_2_1588_bp	1	1	0	0	0
m54088_170216_085445_29688018_ccs_Otu00428_3_1588_bp	0.994361	0.994361	0	0	0
m54088_170216_085445_29950661_ccs_Otu00402_3_1588_bp	0.332607	0.332607	0.00291311	0	0.664925
m54088_170216_085445_30146696_ccs_Otu00092_21_1588_bp	0.99637	0.99637	0	0	0
m54088_170216_085445_30146982_ccs_Otu00514_2_1588_bp	0.934456	0.934456	0.00482721	0	0.065523
m54088_170216_085445_30147354_ccs_Otu00385_3_1588_bp	0.403651	0.403651	0.0215274	0	0.58824
m54088_170216_085445_30278563_ccs_Otu00290_5_1588_bp	1	1	0	0	0
m54088_170216_085445_30343509_ccs_Otu00488_2_1588_bp	0.999704	0.999704	0	0	0
m54088_170216_085445_30343794_ccs_Otu00243_6_1588_bp	0.999997	0.999997	0	0	0
m54088_170216_085445_30344074_ccs_Otu00336_4_1588_bp	0.999901	0.999901	0	0	0
m54088_170216_085445_30539924_ccs_Otu00074_27_1588_bp	0.938113	0.938113	0.00454759	0.000220929	0.080417
m54088_170216_085445_30802413_ccs_Otu00129_14_1588_bp	0.152062	0.087666	0.0112262	9.12319e-07	1.82465
m54088_170216_085445_31064386_ccs_Otu00432_3_1588_bp	1	1	0	0	0
m54088_170216_085445_31195377_ccs_Otu00307_4_1588_bp	1	1	0	0	0
m54088_170216_085445_31392396_ccs_Otu00120_16_1588_bp	0.996368	0.996368	0	0	0
m54088_170216_085445_31457582_ccs_Otu00548_2_1588_bp	0.998048	0.998048	0	0	0
m54088_170216_085445_32244194_ccs_Otu00646_2_1588_bp	0.939297	0.939297	0.00533727	7.22897e-05	0.097441
m54088_170216_085445_32309981_ccs_Otu00450_3_1588_bp	0.198516	0.197144	0.007297	2.35731e-05	0.827156
m54088_170216_085445_32374926_ccs_Otu00637_2_1588_bp	1	1	0	0	0
m54088_170216_085445_32571849_ccs_Otu00259_6_1588_bp	0.336077	0.336077	0.00216731	0	0.663899
m54088_170216_085445_32899807_ccs_Otu00533_2_1588_bp	1	1	0	0	0
m54088_170216_085445_33358557_ccs_Otu00645_2_1588_bp	0.999913	0.999913	0	0	0
m54088_170216_085445_33358660_ccs_Otu00357_4_1588_bp	0.540256	0.540256	0.00330657	0.000731105	1.15624
m54088_170216_085445_33751449_ccs_Otu00571_2_1588_bp	0.245815	0.245815	0.0234746	0.000309541	1.13757
m54088_170216_085445_33751827_ccs_Otu00421_3_1588_bp	0.33364	0.33364	0.00582817	0	0.66636
m54088_170216_085445_33752006_ccs_Otu00641_2_1588_bp	0.796419	0.796419	0.00240155	0	0.199375
m54088_170216_085445_33882525_ccs_Otu00500_2_1588_bp	0.115575	0.115485	0.000693949	0.000244003	2.15139
m54088_170216_085445_34210541_ccs_Otu00095_21_1588_bp	0.901356	0.901356	0.00850037	0	0.091978
m54088_170216_085445_34538072_ccs_Otu00493_2_1588_bp	1	1	0	0	0
m54088_170216_085445_34799849_ccs_Otu00581_2_1588_bp	0.454558	0.454558	0.0173631	0	0.537203
m54088_170216_085445_34931584_ccs_Otu00532_2_1588_bp	0.999925	0.999925	0	0	0
m54088_170216_085445_35586178_ccs_Otu00644_2_1588_bp	0.234448	0.234448	0.0197351	0.00304317	1.23406
m54088_170216_085445_35586753_ccs_Otu00086_23_1588_bp	0.938294	0.938294	0.003314	0	0.061706
m54088_170216_085445_35651729_ccs_Otu00550_2_1588_bp	1	1	0	0	0
m54088_170216_085445_35652237_ccs_Otu00212_8_1588_bp	0.841668	0.841668	0.00334774	7.45708e-05	0.204957
m54088_170216_085445_36438951_ccs_Otu00351_4_1588_bp	0.332099	0.332099	0.00155853	0	0.663732
m54088_170216_085445_36963277_ccs_Otu00379_3_1588_bp	1	1	0	0	0
m54088_170216_085445_37552392_ccs_Otu00590_2_1588_bp	1	1	0	0	0
m54088_170216_085445_37618562_ccs_Otu00406_3_1588_bp	1	1	0	0	0
m54088_170216_085445_37748960_ccs_Otu00287_5_1588_bp	1	1	0	0	0
m54088_170216_085445_37814414_ccs_Otu00517_2_1588_bp	0.249336	0.249336	0.00226427	0.000742468	2.1881
m54088_170216_085445_37946095_ccs_Otu00606_2_1588_bp	0.999987	0.999987	0	0	0
m54088_170216_085445_38207693_ccs_Otu00217_8_1588_bp	0.999372	0.999372	0	0	0
m54088_170216_085445_38273143_ccs_Otu00633_2_1588_bp	0.998766	0.998766	0	0	0
m54088_170216_085445_38339149_ccs_Otu00078_24_1588_bp	0.876572	0.876572	0.0117396	0	0.123428
m54088_170216_085445_38536093_ccs_Otu00174_10_1588_bp	0.804897	0.804897	0.0147914	0	0.195102
m54088_170216_085445_38666371_ccs_Otu00309_4_1588_bp	0.972844	0.972844	0.00167527	0	0.018212
m54088_170216_085445_38798233_ccs_Otu00600_2_1588_bp	0.328289	0.328289	0.00328312	9.79636e-06	0.675563
m54088_170216_085445_38863687_ccs_Otu00222_7_1588_bp	0.91699	0.91699	0.00126232	0	0.076861
m54088_170216_085445_39059933_ccs_Otu00559_2_1588_bp	0.371595	0.371595	0.0333535	0.000551815	0.653998
m54088_170216_085445_39584092_ccs_Otu00447_3_1588_bp	0.528788	0.528788	0.00576259	0	0.463375
m54088_170216_085445_39781056_ccs_Otu00321_4_1588_bp	0.990959	0.990959	0	0	0
m54088_170216_085445_39977600_ccs_Otu00516_2_1588_bp	0.999993	0.999993	0	0	0
m54088_170216_085445_40043093_ccs_Otu00627_2_1588_bp	1	1	0	0	0
m54088_170216_085445_40305065_ccs_Otu00383_3_1588_bp	0.799739	0.799739	0.00493926	0	0.20026
m54088_170216_085445_40567609_ccs_Otu00528_2_1588_bp	0.333641	0.332786	0.00194571	0	0.667214
m54088_170216_085445_40960080_ccs_Otu00417_3_1588_bp	0.544201	0.544201	5.56868e-07	0	0.455799
m54088_170216_085445_41026276_ccs_Otu00378_3_1588_bp	1	1	0	0	0
m54088_170216_085445_41222300_ccs_Otu00246_6_1588_bp	0.371823	0.371823	0.0173247	0	0.628161
m54088_170216_085445_41484748_ccs_Otu00582_2_1588_bp	0.324896	0.324896	0.0289994	2.5806e-08	0.700633
m54088_170216_085445_41550544_ccs_Otu00163_11_1588_bp	1	1	0	0	0
m54088_170216_085445_41878422_ccs_Otu00414_3_1588_bp	1	1	0	0	0
m54088_170216_085445_42074584_ccs_Otu00435_3_1588_bp	0.975221	0.975221	0.00125386	1.36897e-05	0.024966
m54088_170216_085445_42140250_ccs_Otu00338_4_1588_bp	0.999996	0.999996	0	0	0
m54088_170216_085445_42336553_ccs_Otu00448_3_1588_bp	0.949968	0.949968	0.00226932	0	0.049547
m54088_170216_085445_43254029_ccs_Otu00314_4_1588_bp	0.999997	0.999997	0	0	0
m54088_170216_085445_43254285_ccs_Otu00359_3_1588_bp	1	1	0	0	0
m54088_170216_085445_43778558_ccs_Otu00341_4_1588_bp	0.764663	0.764663	0.0393081	0	0.234518
m54088_170216_085445_43778918_ccs_Otu00561_2_1588_bp	0.42358	0.42358	0.0286125	4.3851e-05	0.583168
m54088_170216_085445_43779019_ccs_Otu00481_2_1588_bp	0.142964	0.142964	0.000914259	2.85548e-07	1.14254
m54088_170216_085445_43844301_ccs_Otu00420_3_1588_bp	1	1	0	0	0
m54088_170216_085445_43909533_ccs_Otu00472_2_1588_bp	1	1	0	0	0
m54088_170216_085445_44302653_ccs_Otu00597_2_1588_bp	0.928265	0.928265	0.00549569	0	0.067638
m54088_170216_085445_44368744_ccs_Otu00496_2_1588_bp	1	1	0	0	0
m54088_170216_085445_44761206_ccs_Otu00107_18_1588_bp	0.990414	0.990414	0	0	0
m54088_170216_085445_45023512_ccs_Otu00598_2_1588_bp	0.415655	0.415655	0.0179713	0	0.584321
m54088_170216_085445_45089714_ccs_Otu00391_3_1588_bp	0.934607	0.934607	0.00231232	6.13484e-05	0.073081
m54088_170216_085445_45220318_ccs_Otu00643_2_1588_bp	0.63896	0.63896	0.172023	0.0195076	2.60955
m54088_170216_085445_45614013_ccs_Otu00478_2_1588_bp	0.110988	0.110988	0.000211839	1.33073e-06	2.21808
m54088_170216_085445_45744837_ccs_Otu00491_2_1588_bp	0.287044	0.287044	0.0133174	0.000185111	0.856362
m54088_170216_085445_45940853_ccs_Otu00330_4_1588_bp	0.776319	0.776319	0.00946026	0	0.223365
m54088_170216_085445_46334487_ccs_Otu00545_2_1588_bp	1	1	0	0	0
m54088_170216_085445_46465519_ccs_Otu00189_9_1588_bp	0.620531	0.620531	0.108751	7.5121e-05	0.387887
m54088_170216_085445_46727794_ccs_Otu00026_107_1588_bp	0.333442	0.333442	8.88789e-07	0	0.666544
m54088_170216_085445_46924579_ccs_Otu00601_2_1588_bp	0.551051	0.551051	0.0362912	0	0.448949
m54088_170216_085445_48169818_ccs_Otu00619_2_1588_bp	0.8599	0.8599	0.00371205	0	0.139129
m54088_170216_085445_48300753_ccs_Otu00377_3_1588_bp	0.766785	0.766785	0.00341879	0	0.228335
m54088_170216_085445_48562330_ccs_Otu00540_2_1588_bp	1	1	0	0	0
m54088_170216_085445_48890164_ccs_Otu00510_2_1588_bp	0.834222	0.834222	0.00953606	0	0.159424
m54088_170216_085445_49742462_ccs_Otu00362_3_1588_bp	1	1	0	0	0
m54088_170216_085445_49742821_ccs_Otu00237_7_1588_bp	0.999998	0.999998	0	0	0
m54088_170216_085445_50070093_ccs_Otu00473_2_1588_bp	0.333439	0.333439	8.88821e-07	0	0.666562
m54088_170216_085445_50266620_ccs_Otu00167_11_1588_bp	0.989764	0.989764	1.34529e-05	0	0.004036
m54088_170216_085445_50594320_ccs_Otu00269_6_1588_bp	0.333643	0.332739	0.00108622	0	0.667261
m54088_170216_085445_50725413_ccs_Otu00407_3_1588_bp	0.969772	0.969772	0.00142322	0	0.025098
m54088_170216_085445_50856891_ccs_Otu00364_3_1588_bp	0.93573	0.93573	0.00350412	0	0.057569
m54088_170216_085445_50921618_ccs_Otu00374_3_1588_bp	0.996686	0.996686	0	0	0
m54088_170216_085445_50922389_ccs_Otu00203_8_1588_bp	0.994757	0.994757	0	0	0
m54088_170216_085445_51053085_ccs_Otu00376_3_1588_bp	0.357236	0.357236	0.00695487	0.000125859	0.660692
m54088_170216_085445_51250051_ccs_Otu00153_11_1588_bp	1	1	0	0	0
m54088_170216_085445_52691947_ccs_Otu00207_8_1588_bp	1	1	0	0	0
m54088_170216_085445_52887729_ccs_Otu00558_2_1588_bp	1	1	0	0	0
m54088_170216_085445_53019444_ccs_Otu00470_2_1588_bp	0.9985	0.9985	0	0	0
m54088_170216_085445_53346699_ccs_Otu00484_2_1588_bp	0.807578	0.807578	0.0043773	0	0.184237
m54088_170216_085445_53608653_ccs_Otu00434_3_1588_bp	0.893618	0.893618	0.0354063	0.00063843	0.211022
m54088_170216_085445_53871035_ccs_Otu00471_2_1588_bp	0.645023	0.645023	0.00968212	0	0.347718
m54088_170216_085445_53936589_ccs_Otu00340_4_1588_bp	0.984778	0.984778	0.000208954	0	0.005607
m54088_170216_085445_53936950_ccs_Otu00103_18_1588_bp	0.988319	0.988319	0.000244213	4.72447e-05	0.010476
m54088_170216_085445_54526020_ccs_Otu00397_3_1588_bp	0.999983	0.999983	0	0	0
m54088_170216_085445_54592263_ccs_Otu00609_2_1588_bp	0.33439	0.33439	0.0112307	0.000645885	0.789288
m54088_170216_085445_54723061_ccs_Otu00257_6_1588_bp	0.991118	0.991118	0	0	0
m54088_170216_085445_54853828_ccs_Otu00081_24_1588_bp	0.370779	0.370779	0.0100916	0	0.629221
m54088_170216_085445_54854424_ccs_Otu00615_2_1588_bp	0.999243	0.999243	0	0	0
m54088_170216_085445_55181982_ccs_Otu00423_3_1588_bp	0.999495	0.999495	0	0	0
m54088_170216_085445_55247558_ccs_Otu00368_3_1588_bp	1	1	0	0	0
m54088_170216_085445_55312730_ccs_Otu00549_2_1588_bp	0.999994	0.999994	0	0	0
m54088_170216_085445_55313015_ccs_Otu00604_2_1588_bp	0.99698	0.99698	0	0	0
m54088_170216_085445_55640456_ccs_Otu00313_4_1588_bp	0.898025	0.898025	0.00154878	0	0.095773
m54088_170216_085445_55968048_ccs_Otu00247_6_1588_bp	1	1	0	0	0
m54088_170216_085445_56033960_ccs_Otu00319_4_1588_bp	0.198027	0.19787	0.00384516	6.71232e-06	0.799232
m54088_170216_085445_56099267_ccs_Otu00161_11_1588_bp	0.760756	0.760756	0.00459683	0	0.239245
m54088_170216_085445_56426936_ccs_Otu00073_27_1588_bp	0.996883	0.996883	0	0	0
m54088_170216_085445_56754609_ccs_Otu00398_3_1588_bp	0.999753	0.999753	0	0	0
m54088_170216_085445_56754766_ccs_Otu00433_3_1588_bp	0.473162	0.473162	0.0168214	0	0.526838
m54088_170216_085445_56886113_ccs_Otu00273_6_1588_bp	0.999999	0.999999	0	0	0
m54088_170216_085445_57213530_ccs_Otu00191_9_1588_bp	0.190293	0.189767	0.00418561	0.000187802	0.860084
m54088_170216_085445_57540917_ccs_Otu00518_2_1588_bp	0.949978	0.949978	0.00106119	0.000127333	0.060964
m54088_170216_085445_57606393_ccs_Otu00642_2_1588_bp	0.99781	0.99781	0	0	0
m54088_170216_085445_57803402_ccs_Otu00014_265_1588_bp	0.312358	0.312358	0.00243331	0	0.680521
m54088_170216_085445_57868929_ccs_Otu00602_2_1588_bp	1	1	0	0	0
m54088_170216_085445_57999443_ccs_Otu00544_2_1588_bp	0.999988	0.999988	0	0	0
m54088_170216_085445_58327852_ccs_Otu00187_9_1588_bp	1	1	0	0	0
m54088_170216_085445_58852084_ccs_Otu00486_2_1588_bp	0.8931	0.8931	0.010674	0.000213583	0.141479
m54088_170216_085445_58983335_ccs_Otu00596_2_1588_bp	0.999931	0.999931	0	0	0
m54088_170216_085445_59048878_ccs_Otu00386_3_1588_bp	1	1	0	0	0
m54088_170216_085445_59179415_ccs_Otu00354_4_1588_bp	0.885982	0.885982	0.00406444	0	0.1119
m54088_170216_085445_59507136_ccs_Otu00347_4_1588_bp	1	1	0	0	0
m54088_170216_085445_59703894_ccs_Otu00264_6_1588_bp	0.996736	0.996736	0	0	0
m54088_170216_085445_60228110_ccs_Otu00399_3_1588_bp	0.978954	0.978954	0.000744476	0	0.016894
m54088_170216_085445_60293256_ccs_Otu00349_4_1588_bp	0.333441	0.333441	8.8882e-07	0	0.66656
m54088_170216_085445_60817557_ccs_Otu00610_2_1588_bp	0.943266	0.943266	0.0103696	0.000604922	0.081023
m54088_170216_085445_60883529_ccs_Otu00630_2_1588_bp	0.83393	0.83393	0.00428238	0	0.16599
m54088_170216_085445_61472932_ccs_Otu00546_2_1588_bp	0.481451	0.481451	0.0492763	0	0.518309
m54088_170216_085445_61800849_ccs_Otu00075_25_1588_bp	0.202259	0.202259	0.00139145	0	0.797723
m54088_170216_085445_61932130_ccs_Otu00211_8_1588_bp	0.714756	0.714756	0.0057678	1.67955e-07	0.451528
m54088_170216_085445_62390461_ccs_Otu00509_2_1588_bp	0.996557	0.996557	0	0	0
m54088_170216_085445_62390477_ccs_Otu00263_6_1588_bp	0.999994	0.999994	0	0	0
m54088_170216_085445_62653370_ccs_Otu00552_2_1588_bp	0.999622	0.999622	0	0	0
m54088_170216_085445_62784202_ccs_Otu00274_6_1588_bp	0.999283	0.999283	0	0	0
m54088_170216_085445_62849868_ccs_Otu00419_3_1588_bp	0.995839	0.995839	0	0	0
m54088_170216_085445_6291739_ccs_Otu00494_2_1588_bp	0.999969	0.999969	0	0	0
m54088_170216_085445_63046112_ccs_Otu00625_2_1588_bp	0.99818	0.99818	0	0	0
m54088_170216_085445_63373468_ccs_Otu00503_2_1588_bp	0.528138	0.528138	0.0161538	0	0.467623
m54088_170216_085445_64094469_ccs_Otu00623_2_1588_bp	0.72988	0.72988	0.0114571	0.0012139	0.445767
m54088_170216_085445_64095031_ccs_Otu00392_3_1588_bp	1	1	0	0	0
m54088_170216_085445_64160450_ccs_Otu00636_2_1588_bp	0.99742	0.99742	0	0	0
m54088_170216_085445_64618868_ccs_Otu00599_2_1588_bp	0.987377	0.987377	7.58852e-05	7.49446e-06	0.015084
m54088_170216_085445_64946254_ccs_Otu00279_5_1588_bp	0.990014	0.990014	0	0	0
m54088_170216_085445_65274564_ccs_Otu00138_13_1588_bp	0.146542	0.146348	0.00140474	0.000272536	1.68233
m54088_170216_085445_65340055_ccs_Otu00490_2_1588_bp	0.983459	0.983459	0.000691532	0	0.008983
m54088_170216_085445_65470808_ccs_Otu00400_3_1588_bp	0.351573	0.351573	0.0130594	0.0038332	1.48582
m54088_170216_085445_66322750_ccs_Otu00064_31_1588_bp	1	1	0	0	0
m54088_170216_085445_66585512_ccs_Otu00289_5_1588_bp	0.298045	0.298045	0.00173023	0	0.701954
m54088_170216_085445_66913096_ccs_Otu00160_11_1588_bp	0.484655	0.484655	0.0126474	0	0.515345
m54088_170216_085445_67043611_ccs_Otu00413_3_1588_bp	1	1	0	0	0
m54088_170216_085445_67305804_ccs_Otu00050_45_1588_bp	0.999956	0.999956	0	0	0
m54088_170216_085445_67503046_ccs_Otu00501_2_1588_bp	0.200092	0.200092	1.43995e-06	3.99954e-07	1.19986
m54088_170216_085445_67503068_ccs_Otu00411_3_1588_bp	0.754423	0.754423	0.00442989	0	0.245565
m54088_170216_085445_67896206_ccs_Otu00457_3_1588_bp	0.795209	0.795209	0.00302506	0.000148302	0.271311
m54088_170216_085445_68747772_ccs_Otu00230_7_1588_bp	0.999945	0.999945	0	0	0
m54088_170216_085445_68813311_ccs_Otu00522_2_1588_bp	0.391584	0.391584	0.00977341	0.00174235	1.08484
m54088_170216_085445_69009586_ccs_Otu00363_3_1588_bp	1	1	0	0	0
m54088_170216_085445_69206648_ccs_Otu00366_3_1588_bp	0.989223	0.989223	0.000906773	8.496e-09	0.016992
m54088_170216_085445_69206793_ccs_Otu00245_6_1588_bp	0.96703	0.96703	0.000489599	4.12001e-05	0.094005
m54088_170216_085445_69337843_ccs_Otu00277_5_1588_bp	0.972998	0.972998	0.000886481	0	0.027002
m54088_170216_085445_70320537_ccs_Otu00568_2_1588_bp	1	1	0	0	0
m54088_170216_085445_70386622_ccs_Otu00427_3_1588_bp	0.741557	0.741557	0.0106176	0.00104286	0.380474
m54088_170216_085445_70583078_ccs_Otu00215_8_1588_bp	1	1	0	0	0
m54088_170216_085445_70975772_ccs_Otu00485_2_1588_bp	0.92666	0.92666	0.0138921	0	0.07334
m54088_170216_085445_71631554_ccs_Otu00603_2_1588_bp	0.723251	0.723251	0.00427834	0	0.273246
m54088_170216_085445_71893500_ccs_Otu00356_4_1588_bp	0.967854	0.967854	0.000473022	0	0.030792
m54088_170216_085445_71959084_ccs_Otu00576_2_1588_bp	0.517514	0.517514	0.0104815	0.00165211	0.749356
m54088_170216_085445_72024439_ccs_Otu00526_2_1588_bp	1	1	0	0	0
m54088_170216_085445_72024988_ccs_Otu00326_4_1588_bp	0.912339	0.912339	0.0013407	0	0.084197
m54088_170216_085445_72089952_ccs_Otu00394_3_1588_bp	0.967291	0.967291	0.000599792	0	0.022797
m54088_170216_085445_72155277_ccs_Otu00180_10_1588_bp	0.858854	0.858854	0.00502038	0	0.131694
m54088_170216_085445_72548476_ccs_Otu00053_43_1588_bp	1	1	0	0	0
m54088_170216_085445_73007363_ccs_Otu00567_2_1588_bp	0.999978	0.999978	0	0	0
m54088_170216_085445_73007549_ccs_Otu00557_2_1588_bp	1	1	0	0	0
m54088_170216_085445_73138646_ccs_Otu00172_10_1588_bp	0.200023	0.200023	1.76002e-06	3.9996e-07	1.19994
m54088_170216_085445_73269546_ccs_Otu00587_2_1588_bp	0.996552	0.996552	0	0	0
m54088_170216_085445_73663423_ccs_Otu00537_2_1588_bp	1	1	0	0	0
m54088_170216_085445_74187639_ccs_Otu00591_2_1588_bp	0.931259	0.931259	0.000610413	0	0.060686
m54088_170216_085445_8061165_ccs_Otu00258_6_1588_bp	1	1	0	0	0
m54088_170216_085445_8192769_ccs_Otu00166_11_1588_bp	0.999994	0.999994	0	0	0
m54088_170216_085445_8913735_ccs_Otu00156_11_1588_bp	0.200129	0.200129	0.00571512	3.99801e-07	1.19952
m54088_170216_085445_9372216_ccs_Otu00621_2_1588_bp	1	1	0	0	0
m54088_170216_085445_9437773_ccs_Otu00348_4_1588_bp	1	1	0	0	0
