Sample,Pquery,Weight,EDPL
epa_result,c-1030_conseq_Otu00449_3_1588_bp,1,0
epa_result,c-1845_conseq_Otu00306_4_1588_bp,1,0
epa_result,c-204_conseq_Otu00305_4_1588_bp,1,0
epa_result,c-2415_conseq_Otu00284_5_1588_bp,1,0
epa_result,c-4551_conseq_Otu00204_8_1588_bp,1,0
epa_result,c-5323_conseq_Otu00091_22_1588_bp,1,8.51601e-06
epa_result,c-6009_conseq_Otu00460_3_1588_bp,1,0
epa_result,c-6538_conseq_Otu00051_44_1588_bp,1,1.37504e-05
epa_result,c-7844_conseq_Otu00350_4_1588_bp,1,0
epa_result,c-8891_conseq_Otu00023_117_1588_bp,1,0
epa_result,m54032_170210_154134_19595523_ccs_Otu00529_2_1588_bp,1,0.000356629
epa_result,m54032_170210_154134_45679577_ccs_Otu00429_3_1588_bp,1,0.00100018
epa_result,m54032_170210_154134_65733281_ccs_Otu00555_2_1588_bp,1,0.0177501
epa_result,m54088_170214_101554_10945034_ccs_Otu00638_2_1588_bp,1,0.00257153
epa_result,m54088_170214_101554_52822462_ccs_Otu00408_3_1588_bp,1,0.00116313
epa_result,m54088_170214_101554_9306600_ccs_Otu00477_2_1588_bp,1,0
epa_result,m54088_170216_085445_14746490_ccs_Otu00535_2_1588_bp,1,0.000846918
epa_result,m54088_170216_085445_19333452_ccs_Otu00577_2_1588_bp,1,0
epa_result,m54088_170216_085445_23659089_ccs_Otu00315_4_1588_bp,1,0
epa_result,m54088_170216_085445_28770867_ccs_Otu00361_3_1588_bp,1,0
epa_result,m54088_170216_085445_32309981_ccs_Otu00450_3_1588_bp,1,0.00215324
epa_result,m54088_170216_085445_36438951_ccs_Otu00351_4_1588_bp,1,9.09014e-05
epa_result,m54088_170216_085445_40960080_ccs_Otu00417_3_1588_bp,1,0.000292267
epa_result,m54088_170216_085445_43909533_ccs_Otu00472_2_1588_bp,1,0
epa_result,m54088_170216_085445_51053085_ccs_Otu00376_3_1588_bp,1,0.00546042
epa_result,m54088_170216_085445_57803402_ccs_Otu00014_265_1588_bp,1,0
epa_result,m54088_170216_085445_64160450_ccs_Otu00636_2_1588_bp,1,0.0113151
epa_result,m54088_170216_085445_69337843_ccs_Otu00277_5_1588_bp,1,0.0011179
epa_result,c-112_conseq_Otu00106_18_1588_bp,1,0
epa_result,c-2056_conseq_Otu00208_8_1588_bp,1,0
epa_result,c-2520_conseq_Otu00001_6416_1588_bp,1,0.00323312
epa_result,c-4567_conseq_Otu00030_90_1588_bp,1,2.22789e-05
epa_result,c-5383_conseq_Otu00097_20_1588_bp,1,0.00112615
epa_result,c-6164_conseq_Otu00017_209_1588_bp,1,0
epa_result,c-6725_conseq_Otu00152_12_1588_bp,1,0.000425452
epa_result,c-8387_conseq_Otu00135_13_1588_bp,1,0.000334857
epa_result,c-906_conseq_Otu00146_12_1588_bp,1,0.00260334
epa_result,m54032_170210_154134_26214518_ccs_Otu00063_31_1588_bp,1,0.00267857
epa_result,m54032_170210_154134_65995478_ccs_Otu00607_2_1588_bp,1,0
epa_result,m54088_170214_101554_24510766_ccs_Otu00373_3_1588_bp,1,0
epa_result,m54088_170214_101554_41091495_ccs_Otu00574_2_1588_bp,1,0
epa_result,m54088_170214_101554_59769536_ccs_Otu00209_8_1588_bp,1,0
epa_result,m54088_170214_101554_8978932_ccs_Otu00632_2_1588_bp,1,0
epa_result,m54088_170216_085445_12124471_ccs_Otu00521_2_1588_bp,1,0.000378655
epa_result,m54088_170216_085445_17563730_ccs_Otu00194_9_1588_bp,1,0
epa_result,m54088_170216_085445_22348434_ccs_Otu00370_3_1588_bp,1,0
epa_result,m54088_170216_085445_28705118_ccs_Otu00104_18_1588_bp,1,0.000841761
epa_result,m54088_170216_085445_31457582_ccs_Otu00548_2_1588_bp,1,0
epa_result,m54088_170216_085445_36963277_ccs_Otu00379_3_1588_bp,1,0
epa_result,m54088_170216_085445_43779019_ccs_Otu00481_2_1588_bp,1,0.00047401
epa_result,m54088_170216_085445_46727794_ccs_Otu00026_107_1588_bp,1,2.29346e-05
epa_result,m54088_170216_085445_51250051_ccs_Otu00153_11_1588_bp,1,0
epa_result,m54088_170216_085445_55968048_ccs_Otu00247_6_1588_bp,1,0
epa_result,m54088_170216_085445_60228110_ccs_Otu00399_3_1588_bp,1,0
epa_result,m54088_170216_085445_63373468_ccs_Otu00503_2_1588_bp,1,0.00427568
epa_result,m54088_170216_085445_71631554_ccs_Otu00603_2_1588_bp,1,0.0034065
epa_result,c-1565_conseq_Otu00190_9_1588_bp,1,0.00942274
epa_result,c-1977_conseq_Otu00006_773_1588_bp,1,0.00094461
epa_result,c-257_conseq_Otu00131_14_1588_bp,1,0.000114622
epa_result,c-5240_conseq_Otu00164_11_1588_bp,1,0
epa_result,c-5922_conseq_Otu00173_10_1588_bp,1,0.000178501
epa_result,c-6244_conseq_Otu00271_6_1588_bp,1,0
epa_result,c-6471_conseq_Otu00232_7_1588_bp,1,0
epa_result,c-6882_conseq_Otu00157_11_1588_bp,1,0.000681941
epa_result,c-8433_conseq_Otu00250_6_1588_bp,1,0.0612702
epa_result,c-8684_conseq_Otu00154_11_1588_bp,1,0
epa_result,m54032_170210_154134_14418720_ccs_Otu00358_4_1588_bp,1,0.00584503
epa_result,m54032_170210_154134_28508344_ccs_Otu00631_2_1588_bp,1,0
epa_result,m54032_170210_154134_47579417_ccs_Otu00476_2_1588_bp,1,0.000154915
epa_result,m54032_170210_154134_65601609_ccs_Otu00389_3_1588_bp,1,0
epa_result,m54088_170214_101554_30343641_ccs_Otu00594_2_1588_bp,1,0.00277297
epa_result,m54088_170214_101554_51250069_ccs_Otu00547_2_1588_bp,1,0
epa_result,m54088_170214_101554_59572300_ccs_Otu00588_2_1588_bp,1,0.00165552
epa_result,m54088_170214_101554_67698771_ccs_Otu00140_13_1588_bp,1,0
epa_result,m54088_170214_101554_9110177_ccs_Otu00387_3_1588_bp,1,0
epa_result,m54088_170216_085445_13173047_ccs_Otu00474_2_1588_bp,1,0.00217964
epa_result,m54088_170216_085445_18809289_ccs_Otu00409_3_1588_bp,1,0.00773805
epa_result,m54088_170216_085445_21495998_ccs_Otu00650_2_1588_bp,1,0.0150763
epa_result,m54088_170216_085445_24510863_ccs_Otu00253_6_1588_bp,1,0.00106603
epa_result,m54088_170216_085445_27853223_ccs_Otu00372_3_1588_bp,1,0
epa_result,m54088_170216_085445_35652237_ccs_Otu00212_8_1588_bp,1,0
epa_result,m54088_170216_085445_45089714_ccs_Otu00391_3_1588_bp,1,0.000477206
epa_result,m54088_170216_085445_52691947_ccs_Otu00207_8_1588_bp,1,0
epa_result,m54088_170216_085445_67305804_ccs_Otu00050_45_1588_bp,1,0
epa_result,m54088_170216_085445_73007549_ccs_Otu00557_2_1588_bp,1,0.0177223
epa_result,c-1330_conseq_Otu00083_24_1588_bp,1,0.00101461
epa_result,c-2001_conseq_Otu00239_7_1588_bp,1,0
epa_result,c-2505_conseq_Otu00046_47_1588_bp,1,0.000263651
epa_result,c-404_conseq_Otu00068_30_1588_bp,1,0.000201853
epa_result,c-5948_conseq_Otu00218_8_1588_bp,1,2.3201e-05
epa_result,c-786_conseq_Otu00440_3_1588_bp,1,0.00401157
epa_result,c-8582_conseq_Otu00283_5_1588_bp,1,0.0173065
epa_result,m54032_170210_154134_15795028_ccs_Otu00039_63_1588_bp,1,0.00146973
epa_result,m54032_170210_154134_30671731_ccs_Otu00560_2_1588_bp,1,0.00100449
epa_result,m54032_170210_154134_51118331_ccs_Otu00611_2_1588_bp,1,0.00378231
epa_result,m54032_170210_154134_58524441_ccs_Otu00538_2_1588_bp,1,0.00226214
epa_result,m54032_170210_154134_69206382_ccs_Otu00489_2_1588_bp,1,0
epa_result,m54088_170214_101554_20709485_ccs_Otu00580_2_1588_bp,1,0
epa_result,m54088_170214_101554_29098954_ccs_Otu00487_2_1588_bp,1,0.0007504
epa_result,m54088_170214_101554_44761499_ccs_Otu00365_3_1588_bp,1,0
epa_result,m54088_170214_101554_73925144_ccs_Otu00121_15_1588_bp,1,0.0157898
epa_result,m54088_170216_085445_15991085_ccs_Otu00110_17_1588_bp,1,0
epa_result,m54088_170216_085445_18809347_ccs_Otu00220_8_1588_bp,1,0.00302485
epa_result,m54088_170216_085445_21823776_ccs_Otu00256_6_1588_bp,1,0
epa_result,m54088_170216_085445_28050397_ccs_Otu00297_5_1588_bp,1,0
epa_result,m54088_170216_085445_30278563_ccs_Otu00290_5_1588_bp,1,0.00226515
epa_result,m54088_170216_085445_33752006_ccs_Otu00641_2_1588_bp,1,0
epa_result,m54088_170216_085445_40043093_ccs_Otu00627_2_1588_bp,1,0.00226058
epa_result,m54088_170216_085445_43778918_ccs_Otu00561_2_1588_bp,1,0
epa_result,m54088_170216_085445_46465519_ccs_Otu00189_9_1588_bp,1,0.0100458
epa_result,m54088_170216_085445_50922389_ccs_Otu00203_8_1588_bp,1,0
epa_result,m54088_170216_085445_55247558_ccs_Otu00368_3_1588_bp,1,0
epa_result,m54088_170216_085445_57606393_ccs_Otu00642_2_1588_bp,1,0
epa_result,m54088_170216_085445_62390461_ccs_Otu00509_2_1588_bp,1,0.00317252
epa_result,m54088_170216_085445_66913096_ccs_Otu00160_11_1588_bp,1,0
epa_result,m54088_170216_085445_72155277_ccs_Otu00180_10_1588_bp,1,0.000193443
epa_result,c-1347_conseq_Otu00288_5_1588_bp,1,0.00013628
epa_result,c-2213_conseq_Otu00048_46_1588_bp,1,0
epa_result,c-372_conseq_Otu00117_16_1588_bp,1,0.000861983
epa_result,c-5997_conseq_Otu00062_31_1588_bp,1,0.000233547
epa_result,c-6454_conseq_Otu00031_81_1588_bp,1,0.000140054
epa_result,m54032_170210_154134_12583609_ccs_Otu00323_4_1588_bp,1,0.000762661
epa_result,m54032_170210_154134_30278129_ccs_Otu00077_25_1588_bp,1,0.0260861
epa_result,m54032_170210_154134_62128945_ccs_Otu00412_3_1588_bp,1,0
epa_result,m54032_170210_154134_8847650_ccs_Otu00295_5_1588_bp,1,0.0105786
epa_result,m54088_170214_101554_29885244_ccs_Otu00183_9_1588_bp,1,0
epa_result,m54088_170214_101554_46858937_ccs_Otu00579_2_1588_bp,1,0
epa_result,m54088_170214_101554_63898102_ccs_Otu00629_2_1588_bp,1,0.0004971
epa_result,m54088_170216_085445_11010804_ccs_Otu00482_2_1588_bp,1,0.000791547
epa_result,m54088_170216_085445_13631611_ccs_Otu00452_3_1588_bp,1,2.27168e-05
epa_result,m54088_170216_085445_15532752_ccs_Otu00037_68_1588_bp,1,0.0179653
epa_result,m54088_170216_085445_19268401_ccs_Otu00396_3_1588_bp,1,0.000832164
epa_result,m54088_170216_085445_23069176_ccs_Otu00628_2_1588_bp,1,0.0026747
epa_result,m54088_170216_085445_27001832_ccs_Otu00499_2_1588_bp,1,0
epa_result,m54088_170216_085445_29295581_ccs_Otu00586_2_1588_bp,1,0
epa_result,m54088_170216_085445_33882525_ccs_Otu00500_2_1588_bp,1,0.000396969
epa_result,m54088_170216_085445_37814414_ccs_Otu00517_2_1588_bp,1,0
epa_result,m54088_170216_085445_39584092_ccs_Otu00447_3_1588_bp,1,0.000443426
epa_result,m54088_170216_085445_50725413_ccs_Otu00407_3_1588_bp,1,0.0013933
epa_result,m54088_170216_085445_54526020_ccs_Otu00397_3_1588_bp,1,0
epa_result,m54088_170216_085445_61472932_ccs_Otu00546_2_1588_bp,1,0
epa_result,m54088_170216_085445_65340055_ccs_Otu00490_2_1588_bp,1,0.00112811
epa_result,c-1182_conseq_Otu00244_6_1588_bp,1,0.00171492
epa_result,c-2372_conseq_Otu00344_4_1588_bp,1,0
epa_result,c-3908_conseq_Otu00293_5_1588_bp,1,0
epa_result,c-4893_conseq_Otu00115_16_1588_bp,1,0.0050009
epa_result,c-6421_conseq_Otu00004_935_1588_bp,1,0.000117881
epa_result,c-7917_conseq_Otu00233_7_1588_bp,1,0.00339943
epa_result,m54032_170210_154134_38535521_ccs_Otu00371_3_1588_bp,1,0.00320401
epa_result,m54032_170210_154134_52757196_ccs_Otu00506_2_1588_bp,1,0.000754962
epa_result,m54032_170210_154134_72352254_ccs_Otu00381_3_1588_bp,1,0
epa_result,m54088_170214_101554_54461103_ccs_Otu00443_3_1588_bp,1,0
epa_result,m54088_170214_101554_9044787_ccs_Otu00322_4_1588_bp,1,0
epa_result,m54088_170216_085445_14746128_ccs_Otu00388_3_1588_bp,1,0
epa_result,m54088_170216_085445_19465103_ccs_Otu00367_3_1588_bp,1,0
epa_result,m54088_170216_085445_27984169_ccs_Otu00554_2_1588_bp,1,0
epa_result,m54088_170216_085445_31195377_ccs_Otu00307_4_1588_bp,1,0.000873893
epa_result,m54088_170216_085445_37618562_ccs_Otu00406_3_1588_bp,1,0
epa_result,m54088_170216_085445_43254285_ccs_Otu00359_3_1588_bp,1,0
epa_result,m54088_170216_085445_62849868_ccs_Otu00419_3_1588_bp,1,0
epa_result,m54088_170216_085445_70386622_ccs_Otu00427_3_1588_bp,1,0
epa_result,c-1736_conseq_Otu00126_14_1588_bp,1,0.000667794
epa_result,c-2395_conseq_Otu00010_402_1588_bp,1,0
epa_result,c-4180_conseq_Otu00042_53_1588_bp,1,0
epa_result,c-5298_conseq_Otu00145_12_1588_bp,1,0
epa_result,c-6233_conseq_Otu00072_27_1588_bp,1,0.000554719
epa_result,c-7670_conseq_Otu00012_375_1588_bp,1,2.27119e-05
epa_result,c-8421_conseq_Otu00094_21_1588_bp,1,0.0465478
epa_result,c-8839_conseq_Otu00090_22_1588_bp,1,0.00286627
epa_result,c-9835_conseq_Otu00170_10_1588_bp,1,0.0270198
epa_result,m54032_170210_154134_42729615_ccs_Otu00395_3_1588_bp,1,0.00173502
epa_result,m54032_170210_154134_55968023_ccs_Otu00573_2_1588_bp,1,0
epa_result,m54088_170214_101554_16843333_ccs_Otu00453_3_1588_bp,1,0.000487359
epa_result,m54088_170214_101554_62718575_ccs_Otu00171_10_1588_bp,1,0
epa_result,m54088_170216_085445_14615057_ccs_Otu00593_2_1588_bp,1,0.00874438
epa_result,m54088_170216_085445_17302405_ccs_Otu00065_31_1588_bp,1,0.00113534
epa_result,m54088_170216_085445_19726707_ccs_Otu00624_2_1588_bp,1,0
epa_result,m54088_170216_085445_23986877_ccs_Otu00616_2_1588_bp,1,0.0432237
epa_result,m54088_170216_085445_30343794_ccs_Otu00243_6_1588_bp,1,0
epa_result,m54088_170216_085445_37946095_ccs_Otu00606_2_1588_bp,1,0
epa_result,m54088_170216_085445_41222300_ccs_Otu00246_6_1588_bp,1,0
epa_result,m54088_170216_085445_50266620_ccs_Otu00167_11_1588_bp,1,0
epa_result,m54088_170216_085445_54853828_ccs_Otu00081_24_1588_bp,1,0
epa_result,m54088_170216_085445_58327852_ccs_Otu00187_9_1588_bp,1,0
epa_result,m54088_170216_085445_62390477_ccs_Otu00263_6_1588_bp,1,0
epa_result,m54088_170216_085445_66585512_ccs_Otu00289_5_1588_bp,1,0.000236192
epa_result,m54088_170216_085445_71959084_ccs_Otu00576_2_1588_bp,1,0.00166509
epa_result,m54088_170216_085445_8192769_ccs_Otu00166_11_1588_bp,1,0
epa_result,c-1708_conseq_Otu00028_101_1588_bp,1,0.00125091
epa_result,c-2109_conseq_Otu00045_50_1588_bp,1,0
epa_result,c-2629_conseq_Otu00229_7_1588_bp,1,0.000184834
epa_result,c-4331_conseq_Otu00056_35_1588_bp,1,0.000741677
epa_result,c-5233_conseq_Otu00219_8_1588_bp,1,0
epa_result,c-6309_conseq_Otu00036_69_1588_bp,1,0
epa_result,c-6926_conseq_Otu00100_20_1588_bp,1,0
epa_result,c-806_conseq_Otu00116_16_1588_bp,1,0
epa_result,c-8534_conseq_Otu00009_435_1588_bp,1,0.0387497
epa_result,c-9118_conseq_Otu00019_186_1588_bp,1,0
epa_result,m54032_170210_154134_29622949_ccs_Otu00299_5_1588_bp,1,0
epa_result,m54032_170210_154134_51184124_ccs_Otu00507_2_1588_bp,1,0.00173497
epa_result,m54032_170210_154134_6488584_ccs_Otu00418_3_1588_bp,1,0
epa_result,m54032_170210_154134_74187149_ccs_Otu00513_2_1588_bp,1,0
epa_result,m54088_170214_101554_24838546_ccs_Otu00508_2_1588_bp,1,0
epa_result,m54088_170214_101554_43778960_ccs_Otu00316_4_1588_bp,1,0.000910628
epa_result,m54088_170214_101554_5898454_ccs_Otu00136_13_1588_bp,1,0
epa_result,m54088_170214_101554_9961801_ccs_Otu00267_6_1588_bp,1,0
epa_result,m54088_170216_085445_14222207_ccs_Otu00479_2_1588_bp,1,0
epa_result,m54088_170216_085445_16515600_ccs_Otu00276_5_1588_bp,1,0.00146393
epa_result,m54088_170216_085445_26411408_ccs_Otu00498_2_1588_bp,1,0
epa_result,m54088_170216_085445_29688018_ccs_Otu00428_3_1588_bp,1,0
epa_result,m54088_170216_085445_31064386_ccs_Otu00432_3_1588_bp,1,0.0083068
epa_result,m54088_170216_085445_34931584_ccs_Otu00532_2_1588_bp,1,0
epa_result,m54088_170216_085445_38536093_ccs_Otu00174_10_1588_bp,1,0
epa_result,m54088_170216_085445_41484748_ccs_Otu00582_2_1588_bp,1,0
epa_result,m54088_170216_085445_45744837_ccs_Otu00491_2_1588_bp,1,0.00757905
epa_result,m54088_170216_085445_53936950_ccs_Otu00103_18_1588_bp,1,0.00303058
epa_result,m54088_170216_085445_57540917_ccs_Otu00518_2_1588_bp,1,0.00826417
epa_result,m54088_170216_085445_64946254_ccs_Otu00279_5_1588_bp,1,0
epa_result,m54088_170216_085445_69206793_ccs_Otu00245_6_1588_bp,1,0
epa_result,m54088_170216_085445_73663423_ccs_Otu00537_2_1588_bp,1,0
epa_result,c-2016_conseq_Otu00099_20_1588_bp,1,0
epa_result,c-366_conseq_Otu00300_5_1588_bp,1,0
epa_result,c-5829_conseq_Otu00224_7_1588_bp,1,0
epa_result,c-6131_conseq_Otu00018_189_1588_bp,1,0.0250806
epa_result,c-6456_conseq_Otu00059_33_1588_bp,1,0.00129816
epa_result,c-7528_conseq_Otu00329_4_1588_bp,1,0
epa_result,c-8263_conseq_Otu00353_4_1588_bp,1,0
epa_result,c-8622_conseq_Otu00298_5_1588_bp,1,0.0073543
epa_result,c-9230_conseq_Otu00285_5_1588_bp,1,0.0692203
epa_result,m54032_170210_154134_19137092_ccs_Otu00505_2_1588_bp,1,0.0030571
epa_result,m54032_170210_154134_29360267_ccs_Otu00175_10_1588_bp,1,0
epa_result,m54032_170210_154134_50725473_ccs_Otu00442_3_1588_bp,1,0.000528683
epa_result,m54032_170210_154134_71107544_ccs_Otu00648_2_1588_bp,1,0
epa_result,m54088_170214_101554_21955249_ccs_Otu00199_8_1588_bp,1,0
epa_result,m54088_170214_101554_32768766_ccs_Otu00585_2_1588_bp,1,2.28256e-05
epa_result,m54088_170214_101554_51839075_ccs_Otu00445_3_1588_bp,1,0
epa_result,m54088_170214_101554_69533769_ccs_Otu00403_3_1588_bp,1,0
epa_result,m54088_170216_085445_12058985_ccs_Otu00562_2_1588_bp,1,0
epa_result,m54088_170216_085445_14811749_ccs_Otu00401_3_1588_bp,1,0
epa_result,m54088_170216_085445_20972431_ccs_Otu00143_12_1588_bp,1,1.72671e-05
epa_result,m54088_170216_085445_25428597_ccs_Otu00147_12_1588_bp,1,0
epa_result,m54088_170216_085445_30344074_ccs_Otu00336_4_1588_bp,1,0
epa_result,m54088_170216_085445_34538072_ccs_Otu00493_2_1588_bp,1,0.00579935
epa_result,m54088_170216_085445_53346699_ccs_Otu00484_2_1588_bp,1,0
epa_result,m54088_170216_085445_55640456_ccs_Otu00313_4_1588_bp,1,0.00121503
epa_result,m54088_170216_085445_58983335_ccs_Otu00596_2_1588_bp,1,0.0063537
epa_result,m54088_170216_085445_63046112_ccs_Otu00625_2_1588_bp,1,0.00223515
epa_result,m54088_170216_085445_67503068_ccs_Otu00411_3_1588_bp,1,0.00434436
epa_result,m54088_170216_085445_72024988_ccs_Otu00326_4_1588_bp,1,0
epa_result,c-1812_conseq_Otu00280_5_1588_bp,1,0
epa_result,c-2129_conseq_Otu00467_3_1588_bp,1,0.00158577
epa_result,c-307_conseq_Otu00241_6_1588_bp,1,0.00331633
epa_result,c-4930_conseq_Otu00060_33_1588_bp,1,1.71949e-05
epa_result,c-5853_conseq_Otu00272_6_1588_bp,1,0.00734725
epa_result,c-6351_conseq_Otu00162_11_1588_bp,1,0
epa_result,c-7708_conseq_Otu00198_8_1588_bp,1,0.000783437
epa_result,m54032_170210_154134_14877555_ccs_Otu00563_2_1588_bp,1,0.00140336
epa_result,m54088_170216_085445_13501296_ccs_Otu00572_2_1588_bp,1,0.00147685
epa_result,m54088_170216_085445_18743923_ccs_Otu00566_2_1588_bp,1,0
epa_result,m54088_170216_085445_24380309_ccs_Otu00393_3_1588_bp,1,0
epa_result,m54088_170216_085445_29098128_ccs_Otu00469_2_1588_bp,1,0.000340422
epa_result,m54088_170216_085445_33358660_ccs_Otu00357_4_1588_bp,1,0.000364907
epa_result,m54088_170216_085445_52887729_ccs_Otu00558_2_1588_bp,1,0
epa_result,m54088_170216_085445_64094469_ccs_Otu00623_2_1588_bp,1,0
epa_result,c-281_conseq_Otu00242_6_1588_bp,1,0.00216406
epa_result,c-5167_conseq_Otu00123_15_1588_bp,1,0.000195545
epa_result,c-5661_conseq_Otu00465_3_1588_bp,1,-1.38777e-17
epa_result,c-6656_conseq_Otu00015_231_1588_bp,1,0.0028274
epa_result,c-7548_conseq_Otu00079_24_1588_bp,1,8.13347e-05
epa_result,c-8898_conseq_Otu00087_23_1588_bp,1,0.00401856
epa_result,m54032_170210_154134_24248919_ccs_Otu00565_2_1588_bp,1,0
epa_result,m54032_170210_154134_35259198_ccs_Otu00384_3_1588_bp,1,0
epa_result,m54032_170210_154134_55050984_ccs_Otu00404_3_1588_bp,1,0
epa_result,m54032_170210_154134_67437517_ccs_Otu00251_6_1588_bp,1,0.00172953
epa_result,m54088_170214_101554_21889432_ccs_Otu00304_5_1588_bp,1,0
epa_result,m54088_170214_101554_55181446_ccs_Otu00475_2_1588_bp,1,0.00011164
epa_result,m54088_170216_085445_14877140_ccs_Otu00430_3_1588_bp,1,0
epa_result,m54088_170216_085445_22741555_ccs_Otu00569_2_1588_bp,1,0
epa_result,m54088_170216_085445_26739551_ccs_Otu00227_7_1588_bp,1,0.000306187
epa_result,m54088_170216_085445_34799849_ccs_Otu00581_2_1588_bp,1,0.0018494
epa_result,m54088_170216_085445_54854424_ccs_Otu00615_2_1588_bp,1,0.00178152
epa_result,m54088_170216_085445_60817557_ccs_Otu00610_2_1588_bp,1,0.00907736
epa_result,m54088_170216_085445_67043611_ccs_Otu00413_3_1588_bp,1,0.0401801
epa_result,m54088_170216_085445_70320537_ccs_Otu00568_2_1588_bp,1,0.00355024
epa_result,c-2360_conseq_Otu00089_22_1588_bp,1,0.00424916
epa_result,c-410_conseq_Otu00084_23_1588_bp,1,0.000579308
epa_result,c-551_conseq_Otu00151_12_1588_bp,1,0
epa_result,c-6224_conseq_Otu00029_92_1588_bp,1,0.000128295
epa_result,c-8342_conseq_Otu00337_4_1588_bp,1,0.0221628
epa_result,c-8541_conseq_Otu00127_14_1588_bp,1,0.000737742
epa_result,m54032_170210_154134_48496837_ccs_Otu00375_3_1588_bp,1,0.00920026
epa_result,m54032_170210_154134_61800677_ccs_Otu00424_3_1588_bp,1,0
epa_result,m54088_170214_101554_48300108_ccs_Otu00504_2_1588_bp,1,0.000494326
epa_result,m54088_170214_101554_9634642_ccs_Otu00617_2_1588_bp,1,0
epa_result,m54088_170216_085445_22216834_ccs_Otu00437_3_1588_bp,1,2.20033e-05
epa_result,m54088_170216_085445_25363099_ccs_Otu00144_12_1588_bp,1,0
epa_result,m54088_170216_085445_30146982_ccs_Otu00514_2_1588_bp,1,0.00622912
epa_result,m54088_170216_085445_35586753_ccs_Otu00086_23_1588_bp,1,0
epa_result,m54088_170216_085445_39781056_ccs_Otu00321_4_1588_bp,1,0
epa_result,m54088_170216_085445_45614013_ccs_Otu00478_2_1588_bp,1,8.51484e-06
epa_result,m54088_170216_085445_62653370_ccs_Otu00552_2_1588_bp,1,0
epa_result,m54088_170216_085445_8913735_ccs_Otu00156_11_1588_bp,1,0.000447655
epa_result,c-3676_conseq_Otu00196_9_1588_bp,1,0
epa_result,c-4670_conseq_Otu00008_588_1588_bp,1,1.70358e-05
epa_result,c-6998_conseq_Otu00459_3_1588_bp,1,0.000128151
epa_result,c-982_conseq_Otu00332_4_1588_bp,1,0.0050321
epa_result,m54088_170214_101554_38535673_ccs_Otu00071_28_1588_bp,1,0
epa_result,m54088_170214_101554_62915227_ccs_Otu00320_4_1588_bp,1,0
epa_result,m54088_170216_085445_15008021_ccs_Otu00583_2_1588_bp,1,0.0141624
epa_result,m54088_170216_085445_30146696_ccs_Otu00092_21_1588_bp,1,0.00572034
epa_result,m54088_170216_085445_38273143_ccs_Otu00633_2_1588_bp,1,0
epa_result,m54088_170216_085445_42336553_ccs_Otu00448_3_1588_bp,1,0
epa_result,m54088_170216_085445_56426936_ccs_Otu00073_27_1588_bp,1,0
epa_result,m54088_170216_085445_64618868_ccs_Otu00599_2_1588_bp,1,0.000192939
epa_result,c-5485_conseq_Otu00128_14_1588_bp,1,0
epa_result,c-6067_conseq_Otu00186_9_1588_bp,1,0.00162493
epa_result,c-648_conseq_Otu00346_4_1588_bp,1,0.00511166
epa_result,m54032_170210_154134_13239088_ccs_Otu00193_9_1588_bp,1,0.00556245
epa_result,m54032_170210_154134_24511160_ccs_Otu00531_2_1588_bp,1,0.000966807
epa_result,m54088_170214_101554_15401713_ccs_Otu00318_4_1588_bp,1,0
epa_result,m54088_170214_101554_67044099_ccs_Otu00608_2_1588_bp,1,0.00678548
epa_result,m54088_170216_085445_15008703_ccs_Otu00530_2_1588_bp,1,0.00330455
epa_result,m54088_170216_085445_20382483_ccs_Otu00226_7_1588_bp,1,0.0047229
epa_result,m54088_170216_085445_26215025_ccs_Otu00202_8_1588_bp,1,0
epa_result,m54088_170216_085445_34210541_ccs_Otu00095_21_1588_bp,1,0.000563709
epa_result,m54088_170216_085445_41026276_ccs_Otu00378_3_1588_bp,1,0.000593398
epa_result,m54088_170216_085445_56754766_ccs_Otu00433_3_1588_bp,1,0
epa_result,m54088_170216_085445_61932130_ccs_Otu00211_8_1588_bp,1,0
epa_result,m54088_170216_085445_9437773_ccs_Otu00348_4_1588_bp,1,0
epa_result,c-2785_conseq_Otu00114_16_1588_bp,1,0
epa_result,c-789_conseq_Otu00238_7_1588_bp,1,0
epa_result,c-8846_conseq_Otu00201_8_1588_bp,1,0.00576568
epa_result,m54032_170210_154134_41550060_ccs_Otu00454_3_1588_bp,1,0
epa_result,m54088_170216_085445_12452784_ccs_Otu00536_2_1588_bp,1,0
epa_result,m54088_170216_085445_30343509_ccs_Otu00488_2_1588_bp,1,0
epa_result,m54088_170216_085445_44302653_ccs_Otu00597_2_1588_bp,1,0
epa_result,m54088_170216_085445_58852084_ccs_Otu00486_2_1588_bp,1,0
epa_result,m54088_170216_085445_64095031_ccs_Otu00392_3_1588_bp,1,0
epa_result,c-1714_conseq_Otu00165_11_1588_bp,1,0
epa_result,c-2359_conseq_Otu00275_5_1588_bp,1,0.00235411
epa_result,c-5788_conseq_Otu00137_13_1588_bp,1,0.00318088
epa_result,c-6332_conseq_Otu00025_107_1588_bp,1,8.43752e-05
epa_result,c-743_conseq_Otu00058_33_1588_bp,1,0
epa_result,c-8326_conseq_Otu00210_8_1588_bp,1,0.00675209
epa_result,c-8830_conseq_Otu00303_5_1588_bp,1,0
epa_result,m54088_170214_101554_10027668_ccs_Otu00605_2_1588_bp,1,0.00179261
epa_result,m54088_170216_085445_10486515_ccs_Otu00541_2_1588_bp,1,0.00912936
epa_result,m54088_170216_085445_21496217_ccs_Otu00382_3_1588_bp,1,0.0140402
epa_result,m54088_170216_085445_27787507_ccs_Otu00339_4_1588_bp,1,0
epa_result,m54088_170216_085445_32374926_ccs_Otu00637_2_1588_bp,1,0
epa_result,m54088_170216_085445_39059933_ccs_Otu00559_2_1588_bp,1,0.00889239
epa_result,m54088_170216_085445_46334487_ccs_Otu00545_2_1588_bp,1,0
epa_result,m54088_170216_085445_69206648_ccs_Otu00366_3_1588_bp,1,0.0118139
epa_result,c-1814_conseq_Otu00055_42_1588_bp,1,0
epa_result,c-6137_conseq_Otu00067_31_1588_bp,1,1.37663e-05
epa_result,c-8709_conseq_Otu00142_13_1588_bp,1,0
epa_result,m54032_170210_154134_56099783_ccs_Otu00352_4_1588_bp,1,0.000724527
epa_result,m54088_170214_101554_18547470_ccs_Otu00333_4_1588_bp,1,0.016673
epa_result,m54088_170214_101554_27001758_ccs_Otu00519_2_1588_bp,1,0
epa_result,m54088_170216_085445_14156144_ccs_Otu00205_8_1588_bp,1,0.00185074
epa_result,m54088_170216_085445_17236353_ccs_Otu00265_6_1588_bp,1,0
epa_result,m54088_170216_085445_48300753_ccs_Otu00377_3_1588_bp,1,0.00330201
epa_result,m54088_170216_085445_6291739_ccs_Otu00494_2_1588_bp,1,0
epa_result,m54088_170216_085445_70975772_ccs_Otu00485_2_1588_bp,1,0
epa_result,c-2351_conseq_Otu00102_19_1588_bp,1,0
epa_result,c-5380_conseq_Otu00066_31_1588_bp,1,0.00218821
epa_result,c-7059_conseq_Otu00252_6_1588_bp,1,0.0054357
epa_result,c-8348_conseq_Otu00325_4_1588_bp,1,0
epa_result,m54032_170210_154134_23790545_ccs_Otu00578_2_1588_bp,1,0
epa_result,m54032_170210_154134_58327959_ccs_Otu00512_2_1588_bp,1,0.00688718
epa_result,m54088_170214_101554_36897706_ccs_Otu00614_2_1588_bp,1,0.025379
epa_result,m54088_170216_085445_20775842_ccs_Otu00422_3_1588_bp,1,0.00154317
epa_result,m54088_170216_085445_32571849_ccs_Otu00259_6_1588_bp,1,0.000254399
epa_result,m54088_170216_085445_38207693_ccs_Otu00217_8_1588_bp,1,0
epa_result,m54088_170216_085445_57868929_ccs_Otu00602_2_1588_bp,1,0
epa_result,m54088_170216_085445_73007363_ccs_Otu00567_2_1588_bp,1,0
epa_result,c-1435_conseq_Otu00013_316_1588_bp,1,0.00348777
epa_result,c-4816_conseq_Otu00181_9_1588_bp,1,0
epa_result,c-5778_conseq_Otu00080_24_1588_bp,1,0
epa_result,c-6173_conseq_Otu00266_6_1588_bp,1,0
epa_result,c-8415_conseq_Otu00130_14_1588_bp,1,0
epa_result,m54032_170210_154134_19398856_ccs_Otu00185_9_1588_bp,1,0
epa_result,m54032_170210_154134_31458233_ccs_Otu00169_11_1588_bp,1,0
epa_result,m54088_170216_085445_14025583_ccs_Otu00584_2_1588_bp,1,0
epa_result,m54088_170216_085445_24510743_ccs_Otu00312_4_1588_bp,1,0.000514989
epa_result,m54088_170216_085445_27001616_ccs_Otu00355_4_1588_bp,1,0
epa_result,m54088_170216_085445_29950661_ccs_Otu00402_3_1588_bp,1,0.000139639
epa_result,m54088_170216_085445_44761206_ccs_Otu00107_18_1588_bp,1,0.0012921
epa_result,c-1449_conseq_Otu00044_50_1588_bp,1,0
epa_result,c-4855_conseq_Otu00231_7_1588_bp,1,0
epa_result,c-8376_conseq_Otu00088_23_1588_bp,1,0
epa_result,c-8562_conseq_Otu00260_6_1588_bp,1,0.00445167
epa_result,m54032_170210_154134_29098380_ccs_Otu00248_6_1588_bp,1,0.0264723
epa_result,m54032_170210_154134_69272056_ccs_Otu00589_2_1588_bp,1,0
epa_result,m54088_170214_101554_22479816_ccs_Otu00520_2_1588_bp,1,0.00814793
epa_result,m54088_170214_101554_57541528_ccs_Otu00292_5_1588_bp,1,0
epa_result,m54088_170216_085445_11075909_ccs_Otu00262_6_1588_bp,1,0
epa_result,m54088_170216_085445_18350587_ccs_Otu00511_2_1588_bp,1,0
epa_result,m54088_170216_085445_26411972_ccs_Otu00640_2_1588_bp,1,0
epa_result,m54088_170216_085445_37748960_ccs_Otu00287_5_1588_bp,1,0
epa_result,m54088_170216_085445_48169818_ccs_Otu00619_2_1588_bp,1,0.00111776
epa_result,m54088_170216_085445_66322750_ccs_Otu00064_31_1588_bp,1,0
epa_result,m54088_170216_085445_68813311_ccs_Otu00522_2_1588_bp,1,0.00646672
epa_result,m54088_170216_085445_73269546_ccs_Otu00587_2_1588_bp,1,0
epa_result,c-1236_conseq_Otu00093_21_1588_bp,1,0.00470227
epa_result,c-2182_conseq_Otu00027_105_1588_bp,1,1.69798e-05
epa_result,c-2896_conseq_Otu00261_6_1588_bp,1,0.00672372
epa_result,c-5731_conseq_Otu00235_7_1588_bp,1,0
epa_result,c-868_conseq_Otu00034_75_1588_bp,1,0
epa_result,m54032_170210_154134_15401940_ccs_Otu00139_13_1588_bp,1,0.0258477
epa_result,m54032_170210_154134_64422483_ccs_Otu00405_3_1588_bp,1,0.00359112
epa_result,m54088_170216_085445_12517891_ccs_Otu00543_2_1588_bp,1,0.00351691
epa_result,m54088_170216_085445_15925521_ccs_Otu00542_2_1588_bp,1,0.000618378
epa_result,m54088_170216_085445_24707166_ccs_Otu00334_4_1588_bp,1,0
epa_result,m54088_170216_085445_28901655_ccs_Otu00195_9_1588_bp,1,0
epa_result,m54088_170216_085445_38863687_ccs_Otu00222_7_1588_bp,1,0
epa_result,m54088_170216_085445_43254029_ccs_Otu00314_4_1588_bp,1,0
epa_result,m54088_170216_085445_46924579_ccs_Otu00601_2_1588_bp,1,0.0014861
epa_result,m54088_170216_085445_55181982_ccs_Otu00423_3_1588_bp,1,0
epa_result,c-1973_conseq_Otu00047_46_1588_bp,1,0
epa_result,c-6814_conseq_Otu00005_923_1588_bp,1,0
epa_result,m54088_170214_101554_15926018_ccs_Otu00634_2_1588_bp,1,2.24473e-05
epa_result,m54088_170214_101554_25297533_ccs_Otu00150_12_1588_bp,1,0
epa_result,m54088_170214_101554_61473411_ccs_Otu00296_5_1588_bp,1,0
epa_result,m54088_170216_085445_31392396_ccs_Otu00120_16_1588_bp,1,0.00668152
epa_result,m54088_170216_085445_40305065_ccs_Otu00383_3_1588_bp,1,0.00154277
epa_result,m54088_170216_085445_45220318_ccs_Otu00643_2_1588_bp,1,0.00240001
epa_result,m54088_170216_085445_54723061_ccs_Otu00257_6_1588_bp,1,0.00477204
epa_result,m54088_170216_085445_56033960_ccs_Otu00319_4_1588_bp,1,0.00108783
epa_result,m54088_170216_085445_59703894_ccs_Otu00264_6_1588_bp,1,0.00178478
epa_result,c-1065_conseq_Otu00003_1281_1588_bp,1,0
epa_result,c-1889_conseq_Otu00342_4_1588_bp,1,0
epa_result,c-423_conseq_Otu00155_11_1588_bp,1,0
epa_result,c-5148_conseq_Otu00082_24_1588_bp,1,0
epa_result,c-5959_conseq_Otu00122_15_1588_bp,1,0
epa_result,c-935_conseq_Otu00069_29_1588_bp,1,0
epa_result,m54032_170210_154134_26477122_ccs_Otu00436_3_1588_bp,1,0.00115818
epa_result,m54032_170210_154134_50266641_ccs_Otu00002_1322_1588_bp,1,0.041735
epa_result,m54032_170210_154134_9241405_ccs_Otu00480_2_1588_bp,1,0.00327189
epa_result,m54088_170214_101554_35193430_ccs_Otu00441_3_1588_bp,1,0.000868654
epa_result,m54088_170214_101554_55378723_ccs_Otu00439_3_1588_bp,1,0.00481134
epa_result,m54088_170216_085445_33358557_ccs_Otu00645_2_1588_bp,1,0
epa_result,m54088_170216_085445_39977600_ccs_Otu00516_2_1588_bp,1,0
epa_result,m54088_170216_085445_45023512_ccs_Otu00598_2_1588_bp,1,0
epa_result,m54088_170216_085445_53019444_ccs_Otu00470_2_1588_bp,1,0
epa_result,c-3514_conseq_Otu00345_4_1588_bp,1,0
epa_result,c-5150_conseq_Otu00466_3_1588_bp,1,0
epa_result,c-6410_conseq_Otu00159_11_1588_bp,1,0
epa_result,m54088_170216_085445_38798233_ccs_Otu00600_2_1588_bp,1,7.71917e-05
epa_result,m54088_170216_085445_44368744_ccs_Otu00496_2_1588_bp,1,0.00131958
epa_result,m54088_170216_085445_56886113_ccs_Otu00273_6_1588_bp,1,0
epa_result,c-1164_conseq_Otu00032_77_1588_bp,1,0
epa_result,c-5450_conseq_Otu00463_3_1588_bp,1,0
epa_result,m54032_170210_154134_11797034_ccs_Otu00575_2_1588_bp,1,0.00729244
epa_result,m54088_170214_101554_63636059_ccs_Otu00041_53_1588_bp,1,0.000306673
epa_result,m54088_170216_085445_14418261_ccs_Otu00416_3_1588_bp,1,0.00974234
epa_result,m54088_170216_085445_18874910_ccs_Otu00182_9_1588_bp,1,0
epa_result,m54088_170216_085445_30147354_ccs_Otu00385_3_1588_bp,1,0.00936616
epa_result,m54088_170216_085445_56099267_ccs_Otu00161_11_1588_bp,1,0.00104071
epa_result,c-1073_conseq_Otu00431_3_1588_bp,1,0
epa_result,c-6143_conseq_Otu00240_6_1588_bp,1,0
epa_result,m54032_170210_154134_49545999_ccs_Otu00410_3_1588_bp,1,0
epa_result,m54032_170210_154134_70255583_ccs_Otu00483_2_1588_bp,1,0
epa_result,m54088_170214_101554_22806837_ccs_Otu00647_2_1588_bp,1,0
epa_result,m54088_170214_101554_42140459_ccs_Otu00380_3_1588_bp,1,0.0291809
epa_result,m54088_170216_085445_26149163_ccs_Otu00458_3_1588_bp,1,0
epa_result,m54088_170216_085445_45940853_ccs_Otu00330_4_1588_bp,1,0
epa_result,m54088_170216_085445_59048878_ccs_Otu00386_3_1588_bp,1,0
epa_result,m54088_170216_085445_71893500_ccs_Otu00356_4_1588_bp,1,0.000694419
epa_result,c-589_conseq_Otu00057_34_1588_bp,1,0.00148406
epa_result,m54032_170210_154134_25166565_ccs_Otu00446_3_1588_bp,1,0.00333651
epa_result,m54032_170210_154134_54001751_ccs_Otu00515_2_1588_bp,1,0.000921852
epa_result,m54088_170214_101554_32637044_ccs_Otu00497_2_1588_bp,1,0.000635848
epa_result,m54088_170216_085445_15598163_ccs_Otu00570_2_1588_bp,1,0.0308012
epa_result,m54088_170216_085445_35651729_ccs_Otu00550_2_1588_bp,1,0.00369446
epa_result,m54088_170216_085445_54592263_ccs_Otu00609_2_1588_bp,1,0.0132461
epa_result,m54088_170216_085445_65470808_ccs_Otu00400_3_1588_bp,1,0.00339045
epa_result,c-1639_conseq_Otu00133_13_1588_bp,1,0.00420479
epa_result,c-2326_conseq_Otu00024_107_1588_bp,1,0
epa_result,c-3965_conseq_Otu00331_4_1588_bp,1,0
epa_result,c-520_conseq_Otu00461_3_1588_bp,1,0
epa_result,c-947_conseq_Otu00141_13_1588_bp,1,0.000472206
epa_result,m54088_170216_085445_42074584_ccs_Otu00435_3_1588_bp,1,0.00731182
epa_result,m54088_170216_085445_55312730_ccs_Otu00549_2_1588_bp,1,0
epa_result,c-2786_conseq_Otu00268_6_1588_bp,1,0
epa_result,c-463_conseq_Otu00236_7_1588_bp,1,0.00412724
epa_result,c-694_conseq_Otu00197_8_1588_bp,1,0.000754653
epa_result,c-8229_conseq_Otu00033_76_1588_bp,1,0
epa_result,m54032_170210_154134_67371271_ccs_Otu00564_2_1588_bp,1,0.0128903
epa_result,m54088_170214_101554_64553700_ccs_Otu00534_2_1588_bp,1,0.00750597
epa_result,m54088_170216_085445_11534828_ccs_Otu00327_4_1588_bp,1,0.00731594
epa_result,m54088_170216_085445_17367886_ccs_Otu00524_2_1588_bp,1,0
epa_result,m54088_170216_085445_33751449_ccs_Otu00571_2_1588_bp,1,0
epa_result,m54088_170216_085445_50070093_ccs_Otu00473_2_1588_bp,1,2.29346e-05
epa_result,m54088_170216_085445_8061165_ccs_Otu00258_6_1588_bp,1,0.00308946
epa_result,c-3731_conseq_Otu00301_5_1588_bp,1,0
epa_result,c-8663_conseq_Otu00061_31_1588_bp,1,0.010599
epa_result,m54088_170214_101554_26935601_ccs_Otu00125_14_1588_bp,1,0.00303955
epa_result,m54088_170216_085445_17236277_ccs_Otu00613_2_1588_bp,1,0
epa_result,m54088_170216_085445_49742462_ccs_Otu00362_3_1588_bp,1,0
epa_result,m54088_170216_085445_53608653_ccs_Otu00434_3_1588_bp,1,0.00802179
epa_result,m54088_170216_085445_60883529_ccs_Otu00630_2_1588_bp,1,0
epa_result,m54088_170216_085445_69009586_ccs_Otu00363_3_1588_bp,1,0
epa_result,m54088_170216_085445_72548476_ccs_Otu00053_43_1588_bp,1,0
epa_result,c-6445_conseq_Otu00282_5_1588_bp,1,0.00380057
epa_result,c-7870_conseq_Otu00294_5_1588_bp,1,0.00242347
epa_result,m54088_170216_085445_14418389_ccs_Otu00553_2_1588_bp,1,0.000451809
epa_result,m54088_170216_085445_17957571_ccs_Otu00369_3_1588_bp,1,0.00539244
epa_result,c-2420_conseq_Otu00132_14_1588_bp,1,0.00275705
epa_result,c-5292_conseq_Otu00119_16_1588_bp,1,0.000758978
epa_result,c-5833_conseq_Otu00040_54_1588_bp,1,0.00277778
epa_result,c-8530_conseq_Otu00249_6_1588_bp,1,0
epa_result,m54088_170214_101554_26215023_ccs_Otu00525_2_1588_bp,1,0
epa_result,m54088_170216_085445_30539924_ccs_Otu00074_27_1588_bp,1,0
epa_result,m54088_170216_085445_62784202_ccs_Otu00274_6_1588_bp,1,0
epa_result,c-2251_conseq_Otu00085_23_1588_bp,1,0
epa_result,m54088_170216_085445_23069283_ccs_Otu00523_2_1588_bp,1,0.00635433
epa_result,m54088_170216_085445_26608194_ccs_Otu00228_7_1588_bp,1,0
epa_result,m54088_170216_085445_29098653_ccs_Otu00311_4_1588_bp,1,0.000423323
epa_result,m54088_170216_085445_48890164_ccs_Otu00510_2_1588_bp,1,0
epa_result,m54088_170216_085445_57999443_ccs_Otu00544_2_1588_bp,1,0
epa_result,c-3956_conseq_Otu00134_13_1588_bp,1,4.93859e-05
epa_result,c-4706_conseq_Otu00213_8_1588_bp,1,0
epa_result,c-6324_conseq_Otu00225_7_1588_bp,1,0.00116
epa_result,c-8446_conseq_Otu00021_157_1588_bp,1,0
epa_result,m54032_170210_154134_6684917_ccs_Otu00177_10_1588_bp,1,0
epa_result,m54032_170210_154134_8782393_ccs_Otu00200_8_1588_bp,1,0
epa_result,m54088_170216_085445_70583078_ccs_Otu00215_8_1588_bp,1,0
epa_result,m54088_170216_085445_74187639_ccs_Otu00591_2_1588_bp,1,0
epa_result,c-3206_conseq_Otu00098_20_1588_bp,1,0.000574591
epa_result,m54088_170216_085445_38339149_ccs_Otu00078_24_1588_bp,1,0.000519125
epa_result,m54088_170216_085445_50856891_ccs_Otu00364_3_1588_bp,1,0.0610112
epa_result,c-5983_conseq_Otu00007_740_1588_bp,1,2.25937e-05
epa_result,m54088_170214_101554_23396962_ccs_Otu00612_2_1588_bp,1,0
epa_result,m54088_170216_085445_32244194_ccs_Otu00646_2_1588_bp,1,0.0197117
epa_result,m54088_170216_085445_43778558_ccs_Otu00341_4_1588_bp,1,0
epa_result,c-431_conseq_Otu00124_15_1588_bp,1,0
epa_result,c-6398_conseq_Otu00109_17_1588_bp,1,0
epa_result,c-7549_conseq_Otu00148_12_1588_bp,1,0
epa_result,m54032_170210_154134_50201219_ccs_Otu00495_2_1588_bp,1,5.47224e-05
epa_result,m54088_170214_101554_47120562_ccs_Otu00492_2_1588_bp,1,0
epa_result,m54088_170216_085445_29164066_ccs_Otu00622_2_1588_bp,1,0.000486976
epa_result,c-5721_conseq_Otu00281_5_1588_bp,1,0.0100184
epa_result,c-8874_conseq_Otu00254_6_1588_bp,1,0.0101605
epa_result,m54032_170210_154134_15925581_ccs_Otu00192_9_1588_bp,1,0.00218816
epa_result,m54088_170214_101554_19923796_ccs_Otu00539_2_1588_bp,1,0
epa_result,m54088_170216_085445_11600425_ccs_Otu00278_5_1588_bp,1,0.00232516
epa_result,m54088_170216_085445_55313015_ccs_Otu00604_2_1588_bp,1,0.00196352
epa_result,m54088_170216_085445_60293256_ccs_Otu00349_4_1588_bp,1,2.28576e-05
epa_result,c-7334_conseq_Otu00052_43_1588_bp,1,0.000194143
epa_result,m54032_170210_154134_28443142_ccs_Otu00286_5_1588_bp,1,0.00147416
epa_result,m54088_170216_085445_33751827_ccs_Otu00421_3_1588_bp,1,0.00043057
epa_result,m54088_170216_085445_68747772_ccs_Otu00230_7_1588_bp,1,0.0773443
epa_result,m54088_170214_101554_54263951_ccs_Otu00455_3_1588_bp,1,0
epa_result,c-5947_conseq_Otu00223_7_1588_bp,1,2.27896e-05
epa_result,c-7974_conseq_Otu00101_19_1588_bp,1,0
epa_result,m54032_170210_154134_61734990_ccs_Otu00188_9_1588_bp,1,0.00425287
epa_result,m54032_170210_154134_74449096_ccs_Otu00618_2_1588_bp,1,0.000807838
epa_result,m54088_170214_101554_49676803_ccs_Otu00635_2_1588_bp,1,0.000583572
epa_result,m54088_170216_085445_18678296_ccs_Otu00620_2_1588_bp,1,0
epa_result,m54088_170216_085445_41878422_ccs_Otu00414_3_1588_bp,1,0
epa_result,m54088_170216_085445_57213530_ccs_Otu00191_9_1588_bp,1,0.0012318
epa_result,m54088_170216_085445_65274564_ccs_Otu00138_13_1588_bp,1,0.000582893
epa_result,c-9326_conseq_Otu00206_8_1588_bp,1,0.00200096
epa_result,m54032_170210_154134_55641023_ccs_Otu00049_45_1588_bp,1,0
epa_result,m54088_170216_085445_19202225_ccs_Otu00076_25_1588_bp,1,0.000163814
epa_result,c-3464_conseq_Otu00310_4_1588_bp,1,0
epa_result,c-6481_conseq_Otu00179_10_1588_bp,1,0
epa_result,c-8714_conseq_Otu00118_16_1588_bp,1,0.00129745
epa_result,m54088_170216_085445_18612763_ccs_Otu00096_21_1588_bp,1,0.00244819
epa_result,m54088_170216_085445_59507136_ccs_Otu00347_4_1588_bp,1,0.00383815
epa_result,c-474_conseq_Otu00105_18_1588_bp,1,0.000621456
epa_result,m54032_170210_154134_21365411_ccs_Otu00592_2_1588_bp,1,0
epa_result,m54032_170210_154134_7340600_ccs_Otu00317_4_1588_bp,1,0.10779
epa_result,m54088_170216_085445_41550544_ccs_Otu00163_11_1588_bp,1,0
epa_result,c-224_conseq_Otu00234_7_1588_bp,1,0
epa_result,m54032_170210_154134_53019089_ccs_Otu00551_2_1588_bp,1,0
epa_result,c-8805_conseq_Otu00184_9_1588_bp,1,0
epa_result,m54088_170216_085445_40567609_ccs_Otu00528_2_1588_bp,1,0.00100627
epa_result,c-5093_conseq_Otu00038_64_1588_bp,1,2.15537e-05
epa_result,c-6170_conseq_Otu00108_18_1588_bp,1,0.0109177
epa_result,m54088_170216_085445_21495958_ccs_Otu00291_5_1588_bp,1,0
epa_result,m54088_170216_085445_48562330_ccs_Otu00540_2_1588_bp,1,0.0372035
epa_result,m54032_170210_154134_63046257_ccs_Otu00149_12_1588_bp,1,0.000217261
epa_result,m54088_170216_085445_35586178_ccs_Otu00644_2_1588_bp,1,0
epa_result,m54088_170216_085445_59179415_ccs_Otu00354_4_1588_bp,1,0.000163772
epa_result,c-2077_conseq_Otu00343_4_1588_bp,1,0.00199401
epa_result,m54088_170216_085445_13566238_ccs_Otu00639_2_1588_bp,1,0
epa_result,c-8459_conseq_Otu00158_11_1588_bp,1,0.0633211
epa_result,m54088_170214_101554_36438655_ccs_Otu00425_3_1588_bp,1,0
epa_result,m54088_170216_085445_22282805_ccs_Otu00178_10_1588_bp,1,0
epa_result,m54088_170216_085445_32899807_ccs_Otu00533_2_1588_bp,1,0.0281255
epa_result,m54088_170216_085445_37552392_ccs_Otu00590_2_1588_bp,1,0
epa_result,m54088_170216_085445_56754609_ccs_Otu00398_3_1588_bp,1,0
epa_result,m54088_170216_085445_73138646_ccs_Otu00172_10_1588_bp,1,1.707e-05
epa_result,c-2751_conseq_Otu00168_11_1588_bp,1,0
epa_result,m54088_170216_085445_43844301_ccs_Otu00420_3_1588_bp,1,0.00387891
epa_result,m54032_170210_154134_50921770_ccs_Otu00649_2_1588_bp,1,0.000324754
epa_result,m54088_170214_101554_45351375_ccs_Otu00456_3_1588_bp,1,0.0123238
epa_result,c-7611_conseq_Otu00011_390_1588_bp,1,0.000511555
epa_result,c-927_conseq_Otu00054_43_1588_bp,1,0.000146541
epa_result,m54088_170216_085445_50921618_ccs_Otu00374_3_1588_bp,1,0.00454814
epa_result,m54088_170216_085445_9372216_ccs_Otu00621_2_1588_bp,1,0
epa_result,m54032_170210_154134_42270821_ccs_Otu00426_3_1588_bp,1,0
epa_result,c-7374_conseq_Otu00221_7_1588_bp,1,0
epa_result,m54088_170216_085445_19660986_ccs_Otu00438_3_1588_bp,1,0
epa_result,m54088_170214_101554_35848711_ccs_Otu00214_8_1588_bp,1,0
epa_result,c-2373_conseq_Otu00070_28_1588_bp,1,0
epa_result,c-1597_conseq_Otu00464_3_1588_bp,1,0.0170652
epa_result,c-2101_conseq_Otu00016_219_1588_bp,1,0
epa_result,m54032_170210_154134_16515714_ccs_Otu00255_6_1588_bp,1,0.000316489
epa_result,m54088_170216_085445_67896206_ccs_Otu00457_3_1588_bp,1,0
epa_result,c-4430_conseq_Otu00468_3_1588_bp,1,2.19395e-05
epa_result,c-7298_conseq_Otu00462_3_1588_bp,1,0
epa_result,c-5136_conseq_Otu00022_129_1588_bp,1,0
epa_result,m54088_170214_101554_9765633_ccs_Otu00451_3_1588_bp,1,0
epa_result,m54088_170216_085445_72089952_ccs_Otu00394_3_1588_bp,1,0.00585257
epa_result,m54088_170216_085445_38666371_ccs_Otu00309_4_1588_bp,1,0
epa_result,m54088_170216_085445_12714314_ccs_Otu00302_5_1588_bp,1,0.000260228
epa_result,m54088_170216_085445_53871035_ccs_Otu00471_2_1588_bp,1,0
epa_result,c-1764_conseq_Otu00216_8_1588_bp,1,0.00116559
epa_result,c-6000_conseq_Otu00035_73_1588_bp,1,0.000722238
epa_result,c-9300_conseq_Otu00112_17_1588_bp,1,0.00666757
epa_result,m54088_170216_085445_42140250_ccs_Otu00338_4_1588_bp,1,0
epa_result,m54088_170216_085445_49742821_ccs_Otu00237_7_1588_bp,1,0
epa_result,m54088_170216_085445_67503046_ccs_Otu00501_2_1588_bp,1,1.72625e-05
epa_result,c-5184_conseq_Otu00111_17_1588_bp,1,0.000253771
epa_result,m54088_170216_085445_25756540_ccs_Otu00527_2_1588_bp,1,0.00401918
epa_result,c-5912_conseq_Otu00176_10_1588_bp,1,0
epa_result,m54032_170210_154134_52887793_ccs_Otu00502_2_1588_bp,1,8.81084e-05
epa_result,m54088_170216_085445_30802413_ccs_Otu00129_14_1588_bp,1,0.00477926
epa_result,m54088_170216_085445_61800849_ccs_Otu00075_25_1588_bp,1,0.000716874
epa_result,m54032_170210_154134_70779160_ccs_Otu00415_3_1588_bp,1,0.0313996
epa_result,m54088_170214_101554_7012738_ccs_Otu00270_6_1588_bp,1,0.000312315
epa_result,m54032_170210_154134_52888536_ccs_Otu00324_4_1588_bp,1,0
epa_result,m54088_170216_085445_53936589_ccs_Otu00340_4_1588_bp,1,0
epa_result,m54088_170216_085445_72024439_ccs_Otu00526_2_1588_bp,1,0
epa_result,m54088_170216_085445_23593712_ccs_Otu00556_2_1588_bp,1,0.00915254
epa_result,c-557_conseq_Otu00113_17_1588_bp,1,0
epa_result,m54032_170210_154134_36569815_ccs_Otu00626_2_1588_bp,1,0.00794161
epa_result,m54088_170216_085445_28115316_ccs_Otu00360_3_1588_bp,1,0.000436949
epa_result,m54088_170216_085445_27329184_ccs_Otu00308_4_1588_bp,1,0
epa_result,c-1913_conseq_Otu00043_53_1588_bp,1,0.000200194
epa_result,m54088_170216_085445_19137150_ccs_Otu00444_3_1588_bp,1,0
epa_result,c-8502_conseq_Otu00328_4_1588_bp,1,0.00313606
epa_result,m54032_170210_154134_21430739_ccs_Otu00335_4_1588_bp,1,0
epa_result,c-6005_conseq_Otu00020_161_1588_bp,1,0.000233706
epa_result,m54088_170216_085445_50594320_ccs_Otu00269_6_1588_bp,1,0.000577231
epa_result,m54088_170214_101554_61735389_ccs_Otu00595_2_1588_bp,1,0
epa_result,m54088_170214_101554_21365230_ccs_Otu00390_3_1588_bp,1,0
