Sample,Pquery,Weight,"LWR 1","LWR 2","LWR 3","LWR 4","LWR 5"
epa_result,c-1030_conseq_Otu00449_3_1588_bp,1,1,0,0,0,0
epa_result,c-1845_conseq_Otu00306_4_1588_bp,1,0.99999,0,0,0,0
epa_result,c-204_conseq_Otu00305_4_1588_bp,1,1,0,0,0,0
epa_result,c-2415_conseq_Otu00284_5_1588_bp,1,1,0,0,0,0
epa_result,c-4551_conseq_Otu00204_8_1588_bp,1,1,0,0,0,0
epa_result,c-5323_conseq_Otu00091_22_1588_bp,1,0.111479,0.111479,0.111479,0.111479,0.111479
epa_result,c-6009_conseq_Otu00460_3_1588_bp,1,0.99922,0,0,0,0
epa_result,c-6538_conseq_Otu00051_44_1588_bp,1,0.143724,0.143724,0.143724,0.143724,0.143722
epa_result,c-7844_conseq_Otu00350_4_1588_bp,1,1,0,0,0,0
epa_result,c-8891_conseq_Otu00023_117_1588_bp,1,0.998247,0,0,0,0
epa_result,m54032_170210_154134_19595523_ccs_Otu00529_2_1588_bp,1,0.97935,0.020262,0,0,0
epa_result,m54032_170210_154134_45679577_ccs_Otu00429_3_1588_bp,1,0.342002,0.331231,0.326767,0,0
epa_result,m54032_170210_154134_65733281_ccs_Otu00555_2_1588_bp,1,0.530164,0.121234,0.089567,0.080926,0.076874
epa_result,m54088_170214_101554_10945034_ccs_Otu00638_2_1588_bp,1,0.031298,0.02878,0.019741,0.012446,0.012022
epa_result,m54088_170214_101554_52822462_ccs_Otu00408_3_1588_bp,1,0.949619,0.034156,0.010677,0,0
epa_result,m54088_170214_101554_9306600_ccs_Otu00477_2_1588_bp,1,1,0,0,0,0
epa_result,m54088_170216_085445_14746490_ccs_Otu00535_2_1588_bp,1,0.898235,0.064021,0.013459,0.012922,0.011363
epa_result,m54088_170216_085445_19333452_ccs_Otu00577_2_1588_bp,1,0.989945,0,0,0,0
epa_result,m54088_170216_085445_23659089_ccs_Otu00315_4_1588_bp,1,0.996096,0,0,0,0
epa_result,m54088_170216_085445_28770867_ccs_Otu00361_3_1588_bp,1,1,0,0,0,0
epa_result,m54088_170216_085445_32309981_ccs_Otu00450_3_1588_bp,1,0.202848,0.199355,0.198873,0.197142,0.179651
epa_result,m54088_170216_085445_36438951_ccs_Otu00351_4_1588_bp,1,0.341536,0.33503,0.31956,0,0
epa_result,m54088_170216_085445_40960080_ccs_Otu00417_3_1588_bp,1,0.875701,0.062158,0.062141,0,0
epa_result,m54088_170216_085445_43909533_ccs_Otu00472_2_1588_bp,1,1,0,0,0,0
epa_result,m54088_170216_085445_51053085_ccs_Otu00376_3_1588_bp,1,0.390977,0.372885,0.215305,0.019664,0
epa_result,m54088_170216_085445_57803402_ccs_Otu00014_265_1588_bp,1,0.968775,0,0,0,0
epa_result,m54088_170216_085445_64160450_ccs_Otu00636_2_1588_bp,1,0.775375,0.183969,0.040655,0,0
epa_result,m54088_170216_085445_69337843_ccs_Otu00277_5_1588_bp,1,0.87982,0.061188,0.058992,0,0
epa_result,c-112_conseq_Otu00106_18_1588_bp,1,0.998983,0,0,0,0
epa_result,c-2056_conseq_Otu00208_8_1588_bp,1,0.999764,0,0,0,0
epa_result,c-2520_conseq_Otu00001_6416_1588_bp,1,0.205542,0.205048,0.204885,0.195324,0.189133
epa_result,c-4567_conseq_Otu00030_90_1588_bp,1,0.338525,0.338508,0.322457,0,0
epa_result,c-5383_conseq_Otu00097_20_1588_bp,1,0.372836,0.156919,0.156906,0.15667,0.156669
epa_result,c-6164_conseq_Otu00017_209_1588_bp,1,0.999942,0,0,0,0
epa_result,c-6725_conseq_Otu00152_12_1588_bp,1,0.360848,0.35851,0.268037,0,0
epa_result,c-8387_conseq_Otu00135_13_1588_bp,1,0.980448,0.019552,0,0,0
epa_result,c-906_conseq_Otu00146_12_1588_bp,1,0.41149,0.403094,0.18532,0,0
epa_result,m54032_170210_154134_26214518_ccs_Otu00063_31_1588_bp,1,0.381867,0.165253,0.165037,0.143921,0.143921
epa_result,m54032_170210_154134_65995478_ccs_Otu00607_2_1588_bp,1,1,0,0,0,0
epa_result,m54088_170214_101554_24510766_ccs_Otu00373_3_1588_bp,1,0.988345,0,0,0,0
epa_result,m54088_170214_101554_41091495_ccs_Otu00574_2_1588_bp,1,1,0,0,0,0
epa_result,m54088_170214_101554_59769536_ccs_Otu00209_8_1588_bp,1,0.99943,0,0,0,0
epa_result,m54088_170214_101554_8978932_ccs_Otu00632_2_1588_bp,1,0.990908,0,0,0,0
epa_result,m54088_170216_085445_12124471_ccs_Otu00521_2_1588_bp,1,0.944585,0.030458,0.024957,0,0
epa_result,m54088_170216_085445_17563730_ccs_Otu00194_9_1588_bp,1,0.999958,0,0,0,0
epa_result,m54088_170216_085445_22348434_ccs_Otu00370_3_1588_bp,1,1,0,0,0,0
epa_result,m54088_170216_085445_28705118_ccs_Otu00104_18_1588_bp,1,0.389481,0.305261,0.305258,0,0
epa_result,m54088_170216_085445_31457582_ccs_Otu00548_2_1588_bp,1,0.998378,0,0,0,0
epa_result,m54088_170216_085445_36963277_ccs_Otu00379_3_1588_bp,1,0.995297,0,0,0,0
epa_result,m54088_170216_085445_43779019_ccs_Otu00481_2_1588_bp,1,0.143472,0.143452,0.143441,0.143437,0.143402
epa_result,m54088_170216_085445_46727794_ccs_Otu00026_107_1588_bp,1,0.335982,0.335981,0.328027,0,0
epa_result,m54088_170216_085445_51250051_ccs_Otu00153_11_1588_bp,1,1,0,0,0,0
epa_result,m54088_170216_085445_55968048_ccs_Otu00247_6_1588_bp,1,1,0,0,0,0
epa_result,m54088_170216_085445_60228110_ccs_Otu00399_3_1588_bp,1,1,0,0,0,0
epa_result,m54088_170216_085445_63373468_ccs_Otu00503_2_1588_bp,1,0.456649,0.322698,0.214089,0,0
epa_result,m54088_170216_085445_71631554_ccs_Otu00603_2_1588_bp,1,0.620521,0.1916,0.126534,0.016933,0.016933
epa_result,c-1565_conseq_Otu00190_9_1588_bp,1,0.476925,0.21511,0.211757,0.095395,0
epa_result,c-1977_conseq_Otu00006_773_1588_bp,1,0.379996,0.379596,0.240399,0,0
epa_result,c-257_conseq_Otu00131_14_1588_bp,1,0.959337,0.020634,0.020029,0,0
epa_result,c-5240_conseq_Otu00164_11_1588_bp,1,1,0,0,0,0
epa_result,c-5922_conseq_Otu00173_10_1588_bp,1,0.91324,0.044659,0.0421,0,0
epa_result,c-6244_conseq_Otu00271_6_1588_bp,1,0.992453,0,0,0,0
epa_result,c-6471_conseq_Otu00232_7_1588_bp,1,1,0,0,0,0
epa_result,c-6882_conseq_Otu00157_11_1588_bp,1,0.566831,0.216612,0.216557,0,0
epa_result,c-8433_conseq_Otu00250_6_1588_bp,1,0.610819,0.215395,0.067413,0.066433,0.012026
epa_result,c-8684_conseq_Otu00154_11_1588_bp,1,1,0,0,0,0
epa_result,m54032_170210_154134_14418720_ccs_Otu00358_4_1588_bp,1,0.440884,0.071572,0.036187,0.035932,0.025757
epa_result,m54032_170210_154134_28508344_ccs_Otu00631_2_1588_bp,1,1,0,0,0,0
epa_result,m54032_170210_154134_47579417_ccs_Otu00476_2_1588_bp,1,0.522401,0.472203,0,0,0
epa_result,m54032_170210_154134_65601609_ccs_Otu00389_3_1588_bp,1,0.999828,0,0,0,0
epa_result,m54088_170214_101554_30343641_ccs_Otu00594_2_1588_bp,1,0.445484,0.201166,0.126913,0.08946,0.060563
epa_result,m54088_170214_101554_51250069_ccs_Otu00547_2_1588_bp,1,1,0,0,0,0
epa_result,m54088_170214_101554_59572300_ccs_Otu00588_2_1588_bp,1,0.963302,0.030492,0,0,0
epa_result,m54088_170214_101554_67698771_ccs_Otu00140_13_1588_bp,1,1,0,0,0,0
epa_result,m54088_170214_101554_9110177_ccs_Otu00387_3_1588_bp,1,1,0,0,0,0
epa_result,m54088_170216_085445_13173047_ccs_Otu00474_2_1588_bp,1,0.313582,0.230649,0.067171,0.044021,0.041949
epa_result,m54088_170216_085445_18809289_ccs_Otu00409_3_1588_bp,1,0.758691,0.155045,0.07031,0,0
epa_result,m54088_170216_085445_21495998_ccs_Otu00650_2_1588_bp,1,0.453394,0.059592,0.053042,0.052287,0.046322
epa_result,m54088_170216_085445_24510863_ccs_Otu00253_6_1588_bp,1,0.796316,0.109634,0.069739,0.012131,0.011868
epa_result,m54088_170216_085445_27853223_ccs_Otu00372_3_1588_bp,1,1,0,0,0,0
epa_result,m54088_170216_085445_35652237_ccs_Otu00212_8_1588_bp,1,0.984643,0,0,0,0
epa_result,m54088_170216_085445_45089714_ccs_Otu00391_3_1588_bp,1,0.1053,0.05915,0.04055,0.029322,0.020539
epa_result,m54088_170216_085445_52691947_ccs_Otu00207_8_1588_bp,1,1,0,0,0,0
epa_result,m54088_170216_085445_67305804_ccs_Otu00050_45_1588_bp,1,0.999751,0,0,0,0
epa_result,m54088_170216_085445_73007549_ccs_Otu00557_2_1588_bp,1,0.895497,0.037749,0.020108,0.01857,0
epa_result,c-1330_conseq_Otu00083_24_1588_bp,1,0.502432,0.358203,0.139365,0,0
epa_result,c-2001_conseq_Otu00239_7_1588_bp,1,0.999998,0,0,0,0
epa_result,c-2505_conseq_Otu00046_47_1588_bp,1,0.212454,0.203119,0.203072,0.202337,0.179013
epa_result,c-404_conseq_Otu00068_30_1588_bp,1,0.201498,0.201492,0.201492,0.198066,0.197453
epa_result,c-5948_conseq_Otu00218_8_1588_bp,1,0.338905,0.338371,0.322725,0,0
epa_result,c-786_conseq_Otu00440_3_1588_bp,1,0.666335,0.175485,0.124881,0.018175,0.013899
epa_result,c-8582_conseq_Otu00283_5_1588_bp,1,0.647879,0.210237,0.062722,0.045376,0.01625
epa_result,m54032_170210_154134_15795028_ccs_Otu00039_63_1588_bp,1,0.921657,0.026481,0.024008,0.023467,0
epa_result,m54032_170210_154134_30671731_ccs_Otu00560_2_1588_bp,1,0.961122,0.020512,0,0,0
epa_result,m54032_170210_154134_51118331_ccs_Otu00611_2_1588_bp,1,0.625969,0.24691,0.07026,0.016922,0.011845
epa_result,m54032_170210_154134_58524441_ccs_Otu00538_2_1588_bp,1,0.223649,0.162758,0.111989,0.11198,0.103324
epa_result,m54032_170210_154134_69206382_ccs_Otu00489_2_1588_bp,1,1,0,0,0,0
epa_result,m54088_170214_101554_20709485_ccs_Otu00580_2_1588_bp,1,0.999969,0,0,0,0
epa_result,m54088_170214_101554_29098954_ccs_Otu00487_2_1588_bp,1,0.945746,0.046482,0,0,0
epa_result,m54088_170214_101554_44761499_ccs_Otu00365_3_1588_bp,1,0.99788,0,0,0,0
epa_result,m54088_170214_101554_73925144_ccs_Otu00121_15_1588_bp,1,0.785914,0.095948,0.025479,0.016622,0.013958
epa_result,m54088_170216_085445_15991085_ccs_Otu00110_17_1588_bp,1,1,0,0,0,0
epa_result,m54088_170216_085445_18809347_ccs_Otu00220_8_1588_bp,1,0.593722,0.406278,0,0,0
epa_result,m54088_170216_085445_21823776_ccs_Otu00256_6_1588_bp,1,1,0,0,0,0
epa_result,m54088_170216_085445_28050397_ccs_Otu00297_5_1588_bp,1,0.999998,0,0,0,0
epa_result,m54088_170216_085445_30278563_ccs_Otu00290_5_1588_bp,1,0.903979,0.029159,0.028807,0.020222,0.017832
epa_result,m54088_170216_085445_33752006_ccs_Otu00641_2_1588_bp,1,1,0,0,0,0
epa_result,m54088_170216_085445_40043093_ccs_Otu00627_2_1588_bp,1,0.932408,0.045916,0.021675,0,0
epa_result,m54088_170216_085445_43778918_ccs_Otu00561_2_1588_bp,1,1,0,0,0,0
epa_result,m54088_170216_085445_46465519_ccs_Otu00189_9_1588_bp,1,0.647843,0.294499,0.057621,0,0
epa_result,m54088_170216_085445_50922389_ccs_Otu00203_8_1588_bp,1,1,0,0,0,0
epa_result,m54088_170216_085445_55247558_ccs_Otu00368_3_1588_bp,1,1,0,0,0,0
epa_result,m54088_170216_085445_57606393_ccs_Otu00642_2_1588_bp,1,0.99602,0,0,0,0
epa_result,m54088_170216_085445_62390461_ccs_Otu00509_2_1588_bp,1,0.901302,0.098454,0,0,0
epa_result,m54088_170216_085445_66913096_ccs_Otu00160_11_1588_bp,1,1,0,0,0,0
epa_result,m54088_170216_085445_72155277_ccs_Otu00180_10_1588_bp,1,0.972981,0.013534,0.013485,0,0
epa_result,c-1347_conseq_Otu00288_5_1588_bp,1,0.340139,0.338202,0.321659,0,0
epa_result,c-2213_conseq_Otu00048_46_1588_bp,1,1,0,0,0,0
epa_result,c-372_conseq_Otu00117_16_1588_bp,1,0.956167,0.022756,0.02082,0,0
epa_result,c-5997_conseq_Otu00062_31_1588_bp,1,0.967849,0.012519,0.01222,0,0
epa_result,c-6454_conseq_Otu00031_81_1588_bp,1,0.356559,0.346076,0.297365,0,0
epa_result,m54032_170210_154134_12583609_ccs_Otu00323_4_1588_bp,1,0.980615,0.018146,0,0,0
epa_result,m54032_170210_154134_30278129_ccs_Otu00077_25_1588_bp,1,0.367693,0.331675,0.155885,0.105673,0.035037
epa_result,m54032_170210_154134_62128945_ccs_Otu00412_3_1588_bp,1,1,0,0,0,0
epa_result,m54032_170210_154134_8847650_ccs_Otu00295_5_1588_bp,1,0.474948,0.326199,0.198838,0,0
epa_result,m54088_170214_101554_29885244_ccs_Otu00183_9_1588_bp,1,1,0,0,0,0
epa_result,m54088_170214_101554_46858937_ccs_Otu00579_2_1588_bp,1,1,0,0,0,0
epa_result,m54088_170214_101554_63898102_ccs_Otu00629_2_1588_bp,1,0.870765,0.126918,0,0,0
epa_result,m54088_170216_085445_11010804_ccs_Otu00482_2_1588_bp,1,0.983647,0.015213,0,0,0
epa_result,m54088_170216_085445_13631611_ccs_Otu00452_3_1588_bp,1,0.338371,0.338368,0.322464,0,0
epa_result,m54088_170216_085445_15532752_ccs_Otu00037_68_1588_bp,1,0.384934,0.170959,0.10811,0.087667,0.042627
epa_result,m54088_170216_085445_19268401_ccs_Otu00396_3_1588_bp,1,0.966683,0.033317,0,0,0
epa_result,m54088_170216_085445_23069176_ccs_Otu00628_2_1588_bp,1,0.503917,0.272664,0.223385,0,0
epa_result,m54088_170216_085445_27001832_ccs_Otu00499_2_1588_bp,1,0.999959,0,0,0,0
epa_result,m54088_170216_085445_29295581_ccs_Otu00586_2_1588_bp,1,1,0,0,0,0
epa_result,m54088_170216_085445_33882525_ccs_Otu00500_2_1588_bp,1,0.117286,0.117286,0.117286,0.117286,0.117286
epa_result,m54088_170216_085445_37814414_ccs_Otu00517_2_1588_bp,1,1,0,0,0,0
epa_result,m54088_170216_085445_39584092_ccs_Otu00447_3_1588_bp,1,0.862828,0.087223,0.033082,0,0
epa_result,m54088_170216_085445_50725413_ccs_Otu00407_3_1588_bp,1,0.816084,0.11868,0.03223,0.012868,0
epa_result,m54088_170216_085445_54526020_ccs_Otu00397_3_1588_bp,1,1,0,0,0,0
epa_result,m54088_170216_085445_61472932_ccs_Otu00546_2_1588_bp,1,0.999997,0,0,0,0
epa_result,m54088_170216_085445_65340055_ccs_Otu00490_2_1588_bp,1,0.793065,0.206935,0,0,0
epa_result,c-1182_conseq_Otu00244_6_1588_bp,1,0.855756,0.096508,0.047736,0,0
epa_result,c-2372_conseq_Otu00344_4_1588_bp,1,1,0,0,0,0
epa_result,c-3908_conseq_Otu00293_5_1588_bp,1,1,0,0,0,0
epa_result,c-4893_conseq_Otu00115_16_1588_bp,1,0.847177,0.148414,0,0,0
epa_result,c-6421_conseq_Otu00004_935_1588_bp,1,0.349543,0.337087,0.313369,0,0
epa_result,c-7917_conseq_Otu00233_7_1588_bp,1,0.774201,0.074193,0.073879,0.0366,0.01758
epa_result,m54032_170210_154134_38535521_ccs_Otu00371_3_1588_bp,1,0.242293,0.221136,0.188281,0.168804,0.149793
epa_result,m54032_170210_154134_52757196_ccs_Otu00506_2_1588_bp,1,0.234996,0.230771,0.223994,0.113214,0.113214
epa_result,m54032_170210_154134_72352254_ccs_Otu00381_3_1588_bp,1,1,0,0,0,0
epa_result,m54088_170214_101554_54461103_ccs_Otu00443_3_1588_bp,1,1,0,0,0,0
epa_result,m54088_170214_101554_9044787_ccs_Otu00322_4_1588_bp,1,1,0,0,0,0
epa_result,m54088_170216_085445_14746128_ccs_Otu00388_3_1588_bp,1,0.999997,0,0,0,0
epa_result,m54088_170216_085445_19465103_ccs_Otu00367_3_1588_bp,1,1,0,0,0,0
epa_result,m54088_170216_085445_27984169_ccs_Otu00554_2_1588_bp,1,1,0,0,0,0
epa_result,m54088_170216_085445_31195377_ccs_Otu00307_4_1588_bp,1,0.985452,0.013838,0,0,0
epa_result,m54088_170216_085445_37618562_ccs_Otu00406_3_1588_bp,1,0.999925,0,0,0,0
epa_result,m54088_170216_085445_43254285_ccs_Otu00359_3_1588_bp,1,1,0,0,0,0
epa_result,m54088_170216_085445_62849868_ccs_Otu00419_3_1588_bp,1,1,0,0,0,0
epa_result,m54088_170216_085445_70386622_ccs_Otu00427_3_1588_bp,1,1,0,0,0,0
epa_result,c-1736_conseq_Otu00126_14_1588_bp,1,0.987456,0.012353,0,0,0
epa_result,c-2395_conseq_Otu00010_402_1588_bp,1,1,0,0,0,0
epa_result,c-4180_conseq_Otu00042_53_1588_bp,1,0.998957,0,0,0,0
epa_result,c-5298_conseq_Otu00145_12_1588_bp,1,1,0,0,0,0
epa_result,c-6233_conseq_Otu00072_27_1588_bp,1,0.795739,0.07734,0.07734,0.026165,0.02322
epa_result,c-7670_conseq_Otu00012_375_1588_bp,1,0.335067,0.335067,0.325701,0,0
epa_result,c-8421_conseq_Otu00094_21_1588_bp,1,0.421898,0.418833,0.051675,0.047149,0.036546
epa_result,c-8839_conseq_Otu00090_22_1588_bp,1,0.099997,0.09383,0.055814,0.051703,0.032576
epa_result,c-9835_conseq_Otu00170_10_1588_bp,1,0.894661,0.09454,0,0,0
epa_result,m54032_170210_154134_42729615_ccs_Otu00395_3_1588_bp,1,0.315822,0.192368,0.158055,0.117284,0.110107
epa_result,m54032_170210_154134_55968023_ccs_Otu00573_2_1588_bp,1,0.999932,0,0,0,0
epa_result,m54088_170214_101554_16843333_ccs_Otu00453_3_1588_bp,1,0.379419,0.366341,0.25424,0,0
epa_result,m54088_170214_101554_62718575_ccs_Otu00171_10_1588_bp,1,1,0,0,0,0
epa_result,m54088_170216_085445_14615057_ccs_Otu00593_2_1588_bp,1,0.466224,0.27465,0.258216,0,0
epa_result,m54088_170216_085445_17302405_ccs_Otu00065_31_1588_bp,1,0.764642,0.235308,0,0,0
epa_result,m54088_170216_085445_19726707_ccs_Otu00624_2_1588_bp,1,0.999998,0,0,0,0
epa_result,m54088_170216_085445_23986877_ccs_Otu00616_2_1588_bp,1,0.810241,0.09474,0.074593,0,0
epa_result,m54088_170216_085445_30343794_ccs_Otu00243_6_1588_bp,1,0.999998,0,0,0,0
epa_result,m54088_170216_085445_37946095_ccs_Otu00606_2_1588_bp,1,1,0,0,0,0
epa_result,m54088_170216_085445_41222300_ccs_Otu00246_6_1588_bp,1,0.996098,0,0,0,0
epa_result,m54088_170216_085445_50266620_ccs_Otu00167_11_1588_bp,1,0.979932,0,0,0,0
epa_result,m54088_170216_085445_54853828_ccs_Otu00081_24_1588_bp,1,1,0,0,0,0
epa_result,m54088_170216_085445_58327852_ccs_Otu00187_9_1588_bp,1,1,0,0,0,0
epa_result,m54088_170216_085445_62390477_ccs_Otu00263_6_1588_bp,1,1,0,0,0,0
epa_result,m54088_170216_085445_66585512_ccs_Otu00289_5_1588_bp,1,0.302533,0.302531,0.291686,0.052732,0.050516
epa_result,m54088_170216_085445_71959084_ccs_Otu00576_2_1588_bp,1,0.893331,0.106668,0,0,0
epa_result,m54088_170216_085445_8192769_ccs_Otu00166_11_1588_bp,1,0.999974,0,0,0,0
epa_result,c-1708_conseq_Otu00028_101_1588_bp,1,0.289165,0.278361,0.266017,0.128036,0.01658
epa_result,c-2109_conseq_Otu00045_50_1588_bp,1,0.996007,0,0,0,0
epa_result,c-2629_conseq_Otu00229_7_1588_bp,1,0.942057,0.029522,0.027813,0,0
epa_result,c-4331_conseq_Otu00056_35_1588_bp,1,0.936471,0.033862,0.023204,0,0
epa_result,c-5233_conseq_Otu00219_8_1588_bp,1,1,0,0,0,0
epa_result,c-6309_conseq_Otu00036_69_1588_bp,1,1,0,0,0,0
epa_result,c-6926_conseq_Otu00100_20_1588_bp,1,1,0,0,0,0
epa_result,c-806_conseq_Otu00116_16_1588_bp,1,0.999999,0,0,0,0
epa_result,c-8534_conseq_Otu00009_435_1588_bp,1,0.53838,0.26405,0.093751,0.036307,0.030307
epa_result,c-9118_conseq_Otu00019_186_1588_bp,1,1,0,0,0,0
epa_result,m54032_170210_154134_29622949_ccs_Otu00299_5_1588_bp,1,1,0,0,0,0
epa_result,m54032_170210_154134_51184124_ccs_Otu00507_2_1588_bp,1,0.315857,0.192332,0.15805,0.117301,0.110119
epa_result,m54032_170210_154134_6488584_ccs_Otu00418_3_1588_bp,1,1,0,0,0,0
epa_result,m54032_170210_154134_74187149_ccs_Otu00513_2_1588_bp,1,1,0,0,0,0
epa_result,m54088_170214_101554_24838546_ccs_Otu00508_2_1588_bp,1,0.999054,0,0,0,0
epa_result,m54088_170214_101554_43778960_ccs_Otu00316_4_1588_bp,1,0.341551,0.331555,0.323685,0,0
epa_result,m54088_170214_101554_5898454_ccs_Otu00136_13_1588_bp,1,0.991352,0,0,0,0
epa_result,m54088_170214_101554_9961801_ccs_Otu00267_6_1588_bp,1,1,0,0,0,0
epa_result,m54088_170216_085445_14222207_ccs_Otu00479_2_1588_bp,1,1,0,0,0,0
epa_result,m54088_170216_085445_16515600_ccs_Otu00276_5_1588_bp,1,0.503609,0.344874,0.151517,0,0
epa_result,m54088_170216_085445_26411408_ccs_Otu00498_2_1588_bp,1,1,0,0,0,0
epa_result,m54088_170216_085445_29688018_ccs_Otu00428_3_1588_bp,1,0.993763,0,0,0,0
epa_result,m54088_170216_085445_31064386_ccs_Otu00432_3_1588_bp,1,0.784821,0.120728,0.041765,0.027719,0.024968
epa_result,m54088_170216_085445_34931584_ccs_Otu00532_2_1588_bp,1,1,0,0,0,0
epa_result,m54088_170216_085445_38536093_ccs_Otu00174_10_1588_bp,1,0.998649,0,0,0,0
epa_result,m54088_170216_085445_41484748_ccs_Otu00582_2_1588_bp,1,1,0,0,0,0
epa_result,m54088_170216_085445_45744837_ccs_Otu00491_2_1588_bp,1,0.486296,0.105966,0.074706,0.014738,0.014738
epa_result,m54088_170216_085445_53936950_ccs_Otu00103_18_1588_bp,1,0.43041,0.299708,0.26985,0,0
epa_result,m54088_170216_085445_57540917_ccs_Otu00518_2_1588_bp,1,0.547315,0.215577,0.175588,0.060167,0
epa_result,m54088_170216_085445_64946254_ccs_Otu00279_5_1588_bp,1,0.992078,0,0,0,0
epa_result,m54088_170216_085445_69206793_ccs_Otu00245_6_1588_bp,1,1,0,0,0,0
epa_result,m54088_170216_085445_73663423_ccs_Otu00537_2_1588_bp,1,1,0,0,0,0
epa_result,c-2016_conseq_Otu00099_20_1588_bp,1,0.999994,0,0,0,0
epa_result,c-366_conseq_Otu00300_5_1588_bp,1,1,0,0,0,0
epa_result,c-5829_conseq_Otu00224_7_1588_bp,1,0.998929,0,0,0,0
epa_result,c-6131_conseq_Otu00018_189_1588_bp,1,0.406366,0.320483,0.163909,0.109159,0
epa_result,c-6456_conseq_Otu00059_33_1588_bp,1,0.856278,0.124348,0,0,0
epa_result,c-7528_conseq_Otu00329_4_1588_bp,1,1,0,0,0,0
epa_result,c-8263_conseq_Otu00353_4_1588_bp,1,0.993456,0,0,0,0
epa_result,c-8622_conseq_Otu00298_5_1588_bp,1,0.248213,0.194063,0.063083,0.033627,0.03115
epa_result,c-9230_conseq_Otu00285_5_1588_bp,1,0.472908,0.159479,0.091859,0.066128,0.039761
epa_result,m54032_170210_154134_19137092_ccs_Otu00505_2_1588_bp,1,0.912483,0.020353,0.020338,0.015611,0.012739
epa_result,m54032_170210_154134_29360267_ccs_Otu00175_10_1588_bp,1,1,0,0,0,0
epa_result,m54032_170210_154134_50725473_ccs_Otu00442_3_1588_bp,1,0.201786,0.201771,0.201771,0.201707,0.192675
epa_result,m54032_170210_154134_71107544_ccs_Otu00648_2_1588_bp,1,0.999933,0,0,0,0
epa_result,m54088_170214_101554_21955249_ccs_Otu00199_8_1588_bp,1,1,0,0,0,0
epa_result,m54088_170214_101554_32768766_ccs_Otu00585_2_1588_bp,1,0.337541,0.337539,0.324869,0,0
epa_result,m54088_170214_101554_51839075_ccs_Otu00445_3_1588_bp,1,1,0,0,0,0
epa_result,m54088_170214_101554_69533769_ccs_Otu00403_3_1588_bp,1,1,0,0,0,0
epa_result,m54088_170216_085445_12058985_ccs_Otu00562_2_1588_bp,1,1,0,0,0,0
epa_result,m54088_170216_085445_14811749_ccs_Otu00401_3_1588_bp,1,0.997266,0,0,0,0
epa_result,m54088_170216_085445_20972431_ccs_Otu00143_12_1588_bp,1,0.200725,0.200724,0.200724,0.200724,0.197104
epa_result,m54088_170216_085445_25428597_ccs_Otu00147_12_1588_bp,1,0.995874,0,0,0,0
epa_result,m54088_170216_085445_30344074_ccs_Otu00336_4_1588_bp,1,1,0,0,0,0
epa_result,m54088_170216_085445_34538072_ccs_Otu00493_2_1588_bp,1,0.742997,0.163278,0.026681,0.021891,0.020283
epa_result,m54088_170216_085445_53346699_ccs_Otu00484_2_1588_bp,1,1,0,0,0,0
epa_result,m54088_170216_085445_55640456_ccs_Otu00313_4_1588_bp,1,0.959165,0.028608,0,0,0
epa_result,m54088_170216_085445_58983335_ccs_Otu00596_2_1588_bp,1,0.960118,0.027999,0,0,0
epa_result,m54088_170216_085445_63046112_ccs_Otu00625_2_1588_bp,1,0.895461,0.085628,0.018907,0,0
epa_result,m54088_170216_085445_67503068_ccs_Otu00411_3_1588_bp,1,0.945793,0.026357,0.025968,0,0
epa_result,m54088_170216_085445_72024988_ccs_Otu00326_4_1588_bp,1,0.999994,0,0,0,0
epa_result,c-1812_conseq_Otu00280_5_1588_bp,1,0.999834,0,0,0,0
epa_result,c-2129_conseq_Otu00467_3_1588_bp,1,0.900281,0.0784,0.019322,0,0
epa_result,c-307_conseq_Otu00241_6_1588_bp,1,0.336412,0.336412,0.296932,0.030094,0
epa_result,c-4930_conseq_Otu00060_33_1588_bp,1,0.201026,0.201026,0.201023,0.201023,0.195902
epa_result,c-5853_conseq_Otu00272_6_1588_bp,1,0.740978,0.184096,0.050516,0.01567,0
epa_result,c-6351_conseq_Otu00162_11_1588_bp,1,0.990607,0,0,0,0
epa_result,c-7708_conseq_Otu00198_8_1588_bp,1,0.257493,0.257493,0.257492,0.13777,0.044954
epa_result,m54032_170210_154134_14877555_ccs_Otu00563_2_1588_bp,1,0.954544,0.032902,0.012553,0,0
epa_result,m54088_170216_085445_13501296_ccs_Otu00572_2_1588_bp,1,0.921676,0.078324,0,0,0
epa_result,m54088_170216_085445_18743923_ccs_Otu00566_2_1588_bp,1,0.994954,0,0,0,0
epa_result,m54088_170216_085445_24380309_ccs_Otu00393_3_1588_bp,1,1,0,0,0,0
epa_result,m54088_170216_085445_29098128_ccs_Otu00469_2_1588_bp,1,0.984486,0.010592,0,0,0
epa_result,m54088_170216_085445_33358660_ccs_Otu00357_4_1588_bp,1,0.194882,0.060615,0.060248,0.060248,0.060248
epa_result,m54088_170216_085445_52887729_ccs_Otu00558_2_1588_bp,1,1,0,0,0,0
epa_result,m54088_170216_085445_64094469_ccs_Otu00623_2_1588_bp,1,1,0,0,0,0
epa_result,c-281_conseq_Otu00242_6_1588_bp,1,0.426077,0.197461,0.120491,0.117237,0.068098
epa_result,c-5167_conseq_Otu00123_15_1588_bp,1,0.986471,0.013529,0,0,0
epa_result,c-5661_conseq_Otu00465_3_1588_bp,1,0.499999,0.499999,0,0,0
epa_result,c-6656_conseq_Otu00015_231_1588_bp,1,0.328285,0.326696,0.099566,0.099566,0.096079
epa_result,c-7548_conseq_Otu00079_24_1588_bp,1,0.975291,0.012348,0.012347,0,0
epa_result,c-8898_conseq_Otu00087_23_1588_bp,1,0.708736,0.289199,0,0,0
epa_result,m54032_170210_154134_24248919_ccs_Otu00565_2_1588_bp,1,0.999683,0,0,0,0
epa_result,m54032_170210_154134_35259198_ccs_Otu00384_3_1588_bp,1,1,0,0,0,0
epa_result,m54032_170210_154134_55050984_ccs_Otu00404_3_1588_bp,1,1,0,0,0,0
epa_result,m54032_170210_154134_67437517_ccs_Otu00251_6_1588_bp,1,0.952537,0.045715,0,0,0
epa_result,m54088_170214_101554_21889432_ccs_Otu00304_5_1588_bp,1,0.999998,0,0,0,0
epa_result,m54088_170214_101554_55181446_ccs_Otu00475_2_1588_bp,1,0.988776,0.010846,0,0,0
epa_result,m54088_170216_085445_14877140_ccs_Otu00430_3_1588_bp,1,0.999995,0,0,0,0
epa_result,m54088_170216_085445_22741555_ccs_Otu00569_2_1588_bp,1,0.998724,0,0,0,0
epa_result,m54088_170216_085445_26739551_ccs_Otu00227_7_1588_bp,1,0.97569,0.012219,0.012021,0,0
epa_result,m54088_170216_085445_34799849_ccs_Otu00581_2_1588_bp,1,0.385991,0.316529,0.295984,0,0
epa_result,m54088_170216_085445_54854424_ccs_Otu00615_2_1588_bp,1,0.86751,0.108016,0,0,0
epa_result,m54088_170216_085445_60817557_ccs_Otu00610_2_1588_bp,1,0.926186,0.036712,0.011138,0,0
epa_result,m54088_170216_085445_67043611_ccs_Otu00413_3_1588_bp,1,0.708705,0.184818,0.032636,0.013626,0.011674
epa_result,m54088_170216_085445_70320537_ccs_Otu00568_2_1588_bp,1,0.8414,0.084054,0.074546,0,0
epa_result,c-2360_conseq_Otu00089_22_1588_bp,1,0.701003,0.298981,0,0,0
epa_result,c-410_conseq_Otu00084_23_1588_bp,1,0.336823,0.33482,0.327973,0,0
epa_result,c-551_conseq_Otu00151_12_1588_bp,1,1,0,0,0,0
epa_result,c-6224_conseq_Otu00029_92_1588_bp,1,0.973033,0.013806,0.01316,0,0
epa_result,c-8342_conseq_Otu00337_4_1588_bp,1,0.37146,0.135109,0.111208,0.078102,0.058095
epa_result,c-8541_conseq_Otu00127_14_1588_bp,1,0.340021,0.331812,0.328167,0,0
epa_result,m54032_170210_154134_48496837_ccs_Otu00375_3_1588_bp,1,0.666815,0.255437,0.046291,0.013133,0.012539
epa_result,m54032_170210_154134_61800677_ccs_Otu00424_3_1588_bp,1,1,0,0,0,0
epa_result,m54088_170214_101554_48300108_ccs_Otu00504_2_1588_bp,1,0.383579,0.372839,0.243582,0,0
epa_result,m54088_170214_101554_9634642_ccs_Otu00617_2_1588_bp,1,1,0,0,0,0
epa_result,m54088_170216_085445_22216834_ccs_Otu00437_3_1588_bp,1,0.335663,0.335628,0.321207,0,0
epa_result,m54088_170216_085445_25363099_ccs_Otu00144_12_1588_bp,1,1,0,0,0,0
epa_result,m54088_170216_085445_30146982_ccs_Otu00514_2_1588_bp,1,0.86673,0.133249,0,0,0
epa_result,m54088_170216_085445_35586753_ccs_Otu00086_23_1588_bp,1,0.999374,0,0,0,0
epa_result,m54088_170216_085445_39781056_ccs_Otu00321_4_1588_bp,1,0.983056,0,0,0,0
epa_result,m54088_170216_085445_45614013_ccs_Otu00478_2_1588_bp,1,0.111742,0.111742,0.111742,0.111742,0.111742
epa_result,m54088_170216_085445_62653370_ccs_Otu00552_2_1588_bp,1,0.999681,0,0,0,0
epa_result,m54088_170216_085445_8913735_ccs_Otu00156_11_1588_bp,1,0.208339,0.201816,0.201334,0.195558,0.192951
epa_result,c-3676_conseq_Otu00196_9_1588_bp,1,1,0,0,0,0
epa_result,c-4670_conseq_Otu00008_588_1588_bp,1,0.201682,0.201682,0.201682,0.201682,0.193272
epa_result,c-6998_conseq_Otu00459_3_1588_bp,1,0.988069,0.011923,0,0,0
epa_result,c-982_conseq_Otu00332_4_1588_bp,1,0.84108,0.158261,0,0,0
epa_result,m54088_170214_101554_38535673_ccs_Otu00071_28_1588_bp,1,0.998432,0,0,0,0
epa_result,m54088_170214_101554_62915227_ccs_Otu00320_4_1588_bp,1,1,0,0,0,0
epa_result,m54088_170216_085445_15008021_ccs_Otu00583_2_1588_bp,1,0.384439,0.178839,0.176852,0.143456,0.054293
epa_result,m54088_170216_085445_30146696_ccs_Otu00092_21_1588_bp,1,0.728467,0.229389,0.042144,0,0
epa_result,m54088_170216_085445_38273143_ccs_Otu00633_2_1588_bp,1,0.998995,0,0,0,0
epa_result,m54088_170216_085445_42336553_ccs_Otu00448_3_1588_bp,1,1,0,0,0,0
epa_result,m54088_170216_085445_56426936_ccs_Otu00073_27_1588_bp,1,1,0,0,0,0
epa_result,m54088_170216_085445_64618868_ccs_Otu00599_2_1588_bp,1,0.97087,0.014826,0,0,0
epa_result,c-5485_conseq_Otu00128_14_1588_bp,1,0.991707,0,0,0,0
epa_result,c-6067_conseq_Otu00186_9_1588_bp,1,0.363747,0.050282,0.034447,0.02139,0.018202
epa_result,c-648_conseq_Otu00346_4_1588_bp,1,0.53772,0.124428,0.107866,0.102058,0.070429
epa_result,m54032_170210_154134_13239088_ccs_Otu00193_9_1588_bp,1,0.260032,0.222938,0.066144,0.029655,0.017631
epa_result,m54032_170210_154134_24511160_ccs_Otu00531_2_1588_bp,1,0.955374,0.022333,0.022292,0,0
epa_result,m54088_170214_101554_15401713_ccs_Otu00318_4_1588_bp,1,1,0,0,0,0
epa_result,m54088_170214_101554_67044099_ccs_Otu00608_2_1588_bp,1,0.541817,0.308227,0.080178,0.011861,0.011801
epa_result,m54088_170216_085445_15008703_ccs_Otu00530_2_1588_bp,1,0.103393,0.044235,0.043677,0.041764,0.036767
epa_result,m54088_170216_085445_20382483_ccs_Otu00226_7_1588_bp,1,0.641558,0.314656,0.043173,0,0
epa_result,m54088_170216_085445_26215025_ccs_Otu00202_8_1588_bp,1,1,0,0,0,0
epa_result,m54088_170216_085445_34210541_ccs_Otu00095_21_1588_bp,1,0.956358,0.011498,0,0,0
epa_result,m54088_170216_085445_41026276_ccs_Otu00378_3_1588_bp,1,0.976531,0.012051,0,0,0
epa_result,m54088_170216_085445_56754766_ccs_Otu00433_3_1588_bp,1,1,0,0,0,0
epa_result,m54088_170216_085445_61932130_ccs_Otu00211_8_1588_bp,1,1,0,0,0,0
epa_result,m54088_170216_085445_9437773_ccs_Otu00348_4_1588_bp,1,1,0,0,0,0
epa_result,c-2785_conseq_Otu00114_16_1588_bp,1,1,0,0,0,0
epa_result,c-789_conseq_Otu00238_7_1588_bp,1,1,0,0,0,0
epa_result,c-8846_conseq_Otu00201_8_1588_bp,1,0.118578,0.11194,0.10576,0.102321,0.067665
epa_result,m54032_170210_154134_41550060_ccs_Otu00454_3_1588_bp,1,0.999999,0,0,0,0
epa_result,m54088_170216_085445_12452784_ccs_Otu00536_2_1588_bp,1,1,0,0,0,0
epa_result,m54088_170216_085445_30343509_ccs_Otu00488_2_1588_bp,1,1,0,0,0,0
epa_result,m54088_170216_085445_44302653_ccs_Otu00597_2_1588_bp,1,1,0,0,0,0
epa_result,m54088_170216_085445_58852084_ccs_Otu00486_2_1588_bp,1,0.999224,0,0,0,0
epa_result,m54088_170216_085445_64095031_ccs_Otu00392_3_1588_bp,1,0.996715,0,0,0,0
epa_result,c-1714_conseq_Otu00165_11_1588_bp,1,1,0,0,0,0
epa_result,c-2359_conseq_Otu00275_5_1588_bp,1,0.714375,0.156575,0.12905,0,0
epa_result,c-5788_conseq_Otu00137_13_1588_bp,1,0.767997,0.083761,0.082596,0.02598,0.024877
epa_result,c-6332_conseq_Otu00025_107_1588_bp,1,0.943932,0.020785,0.020619,0,0
epa_result,c-743_conseq_Otu00058_33_1588_bp,1,0.999995,0,0,0,0
epa_result,c-8326_conseq_Otu00210_8_1588_bp,1,0.873433,0.06905,0.038391,0.017656,0
epa_result,c-8830_conseq_Otu00303_5_1588_bp,1,0.997368,0,0,0,0
epa_result,m54088_170214_101554_10027668_ccs_Otu00605_2_1588_bp,1,0.943238,0.03114,0.025622,0,0
epa_result,m54088_170216_085445_10486515_ccs_Otu00541_2_1588_bp,1,0.693406,0.114749,0.089641,0.080134,0.022057
epa_result,m54088_170216_085445_21496217_ccs_Otu00382_3_1588_bp,1,0.324136,0.305277,0.127173,0.092925,0.068167
epa_result,m54088_170216_085445_27787507_ccs_Otu00339_4_1588_bp,1,0.996968,0,0,0,0
epa_result,m54088_170216_085445_32374926_ccs_Otu00637_2_1588_bp,1,1,0,0,0,0
epa_result,m54088_170216_085445_39059933_ccs_Otu00559_2_1588_bp,1,0.358903,0.343382,0.210386,0.044704,0.030069
epa_result,m54088_170216_085445_46334487_ccs_Otu00545_2_1588_bp,1,1,0,0,0,0
epa_result,m54088_170216_085445_69206648_ccs_Otu00366_3_1588_bp,1,0.35617,0.159242,0.104031,0.054009,0.032234
epa_result,c-1814_conseq_Otu00055_42_1588_bp,1,1,0,0,0,0
epa_result,c-6137_conseq_Otu00067_31_1588_bp,1,0.143689,0.143688,0.143687,0.143687,0.143685
epa_result,c-8709_conseq_Otu00142_13_1588_bp,1,0.987795,0,0,0,0
epa_result,m54032_170210_154134_56099783_ccs_Otu00352_4_1588_bp,1,0.968074,0.024249,0,0,0
epa_result,m54088_170214_101554_18547470_ccs_Otu00333_4_1588_bp,1,0.460949,0.222469,0.185881,0.095405,0.035297
epa_result,m54088_170214_101554_27001758_ccs_Otu00519_2_1588_bp,1,1,0,0,0,0
epa_result,m54088_170216_085445_14156144_ccs_Otu00205_8_1588_bp,1,0.907473,0.090273,0,0,0
epa_result,m54088_170216_085445_17236353_ccs_Otu00265_6_1588_bp,1,1,0,0,0,0
epa_result,m54088_170216_085445_48300753_ccs_Otu00377_3_1588_bp,1,0.634237,0.365763,0,0,0
epa_result,m54088_170216_085445_6291739_ccs_Otu00494_2_1588_bp,1,1,0,0,0,0
epa_result,m54088_170216_085445_70975772_ccs_Otu00485_2_1588_bp,1,1,0,0,0,0
epa_result,c-2351_conseq_Otu00102_19_1588_bp,1,1,0,0,0,0
epa_result,c-5380_conseq_Otu00066_31_1588_bp,1,0.239823,0.223063,0.207729,0.168155,0.16123
epa_result,c-7059_conseq_Otu00252_6_1588_bp,1,0.32038,0.166223,0.162861,0.162861,0.160888
epa_result,c-8348_conseq_Otu00325_4_1588_bp,1,1,0,0,0,0
epa_result,m54032_170210_154134_23790545_ccs_Otu00578_2_1588_bp,1,0.996087,0,0,0,0
epa_result,m54032_170210_154134_58327959_ccs_Otu00512_2_1588_bp,1,0.405064,0.168345,0.067696,0.036156,0.031442
epa_result,m54088_170214_101554_36897706_ccs_Otu00614_2_1588_bp,1,0.415636,0.281014,0.196272,0.082163,0.01239
epa_result,m54088_170216_085445_20775842_ccs_Otu00422_3_1588_bp,1,0.906048,0.039129,0.03855,0,0
epa_result,m54088_170216_085445_32571849_ccs_Otu00259_6_1588_bp,1,0.371531,0.359363,0.269022,0,0
epa_result,m54088_170216_085445_38207693_ccs_Otu00217_8_1588_bp,1,1,0,0,0,0
epa_result,m54088_170216_085445_57868929_ccs_Otu00602_2_1588_bp,1,1,0,0,0,0
epa_result,m54088_170216_085445_73007363_ccs_Otu00567_2_1588_bp,1,1,0,0,0,0
epa_result,c-1435_conseq_Otu00013_316_1588_bp,1,0.368662,0.345131,0.28586,0,0
epa_result,c-4816_conseq_Otu00181_9_1588_bp,1,0.992722,0,0,0,0
epa_result,c-5778_conseq_Otu00080_24_1588_bp,1,1,0,0,0,0
epa_result,c-6173_conseq_Otu00266_6_1588_bp,1,0.999818,0,0,0,0
epa_result,c-8415_conseq_Otu00130_14_1588_bp,1,1,0,0,0,0
epa_result,m54032_170210_154134_19398856_ccs_Otu00185_9_1588_bp,1,0.999989,0,0,0,0
epa_result,m54032_170210_154134_31458233_ccs_Otu00169_11_1588_bp,1,0.992608,0,0,0,0
epa_result,m54088_170216_085445_14025583_ccs_Otu00584_2_1588_bp,1,0.999993,0,0,0,0
epa_result,m54088_170216_085445_24510743_ccs_Otu00312_4_1588_bp,1,0.33517,0.334959,0.320256,0,0
epa_result,m54088_170216_085445_27001616_ccs_Otu00355_4_1588_bp,1,1,0,0,0,0
epa_result,m54088_170216_085445_29950661_ccs_Otu00402_3_1588_bp,1,0.347674,0.33714,0.312763,0,0
epa_result,m54088_170216_085445_44761206_ccs_Otu00107_18_1588_bp,1,0.58912,0.41088,0,0,0
epa_result,c-1449_conseq_Otu00044_50_1588_bp,1,1,0,0,0,0
epa_result,c-4855_conseq_Otu00231_7_1588_bp,1,1,0,0,0,0
epa_result,c-8376_conseq_Otu00088_23_1588_bp,1,1,0,0,0,0
epa_result,c-8562_conseq_Otu00260_6_1588_bp,1,0.261575,0.240123,0.213325,0.192381,0.092598
epa_result,m54032_170210_154134_29098380_ccs_Otu00248_6_1588_bp,1,0.451609,0.370623,0.088431,0.066132,0.01596
epa_result,m54032_170210_154134_69272056_ccs_Otu00589_2_1588_bp,1,1,0,0,0,0
epa_result,m54088_170214_101554_22479816_ccs_Otu00520_2_1588_bp,1,0.243131,0.217123,0.189057,0.178449,0.17224
epa_result,m54088_170214_101554_57541528_ccs_Otu00292_5_1588_bp,1,1,0,0,0,0
epa_result,m54088_170216_085445_11075909_ccs_Otu00262_6_1588_bp,1,0.99957,0,0,0,0
epa_result,m54088_170216_085445_18350587_ccs_Otu00511_2_1588_bp,1,1,0,0,0,0
epa_result,m54088_170216_085445_26411972_ccs_Otu00640_2_1588_bp,1,1,0,0,0,0
epa_result,m54088_170216_085445_37748960_ccs_Otu00287_5_1588_bp,1,1,0,0,0,0
epa_result,m54088_170216_085445_48169818_ccs_Otu00619_2_1588_bp,1,0.921558,0.047393,0.030683,0,0
epa_result,m54088_170216_085445_66322750_ccs_Otu00064_31_1588_bp,1,1,0,0,0,0
epa_result,m54088_170216_085445_68813311_ccs_Otu00522_2_1588_bp,1,0.276153,0.198894,0.181844,0.179254,0.100835
epa_result,m54088_170216_085445_73269546_ccs_Otu00587_2_1588_bp,1,0.999964,0,0,0,0
epa_result,c-1236_conseq_Otu00093_21_1588_bp,1,0.563999,0.360999,0.075002,0,0
epa_result,c-2182_conseq_Otu00027_105_1588_bp,1,0.201911,0.201911,0.201911,0.201911,0.192354
epa_result,c-2896_conseq_Otu00261_6_1588_bp,1,0.672829,0.090629,0.08634,0.061897,0.053154
epa_result,c-5731_conseq_Otu00235_7_1588_bp,1,1,0,0,0,0
epa_result,c-868_conseq_Otu00034_75_1588_bp,1,0.989404,0,0,0,0
epa_result,m54032_170210_154134_15401940_ccs_Otu00139_13_1588_bp,1,0.534496,0.335595,0.058356,0.026555,0.022152
epa_result,m54032_170210_154134_64422483_ccs_Otu00405_3_1588_bp,1,0.588286,0.341012,0.064762,0,0
epa_result,m54088_170216_085445_12517891_ccs_Otu00543_2_1588_bp,1,0.883402,0.03766,0.035831,0.031101,0.011774
epa_result,m54088_170216_085445_15925521_ccs_Otu00542_2_1588_bp,1,0.387365,0.382565,0.228035,0,0
epa_result,m54088_170216_085445_24707166_ccs_Otu00334_4_1588_bp,1,1,0,0,0,0
epa_result,m54088_170216_085445_28901655_ccs_Otu00195_9_1588_bp,1,1,0,0,0,0
epa_result,m54088_170216_085445_38863687_ccs_Otu00222_7_1588_bp,1,0.992254,0,0,0,0
epa_result,m54088_170216_085445_43254029_ccs_Otu00314_4_1588_bp,1,0.999998,0,0,0,0
epa_result,m54088_170216_085445_46924579_ccs_Otu00601_2_1588_bp,1,0.767304,0.117116,0.11558,0,0
epa_result,m54088_170216_085445_55181982_ccs_Otu00423_3_1588_bp,1,1,0,0,0,0
epa_result,c-1973_conseq_Otu00047_46_1588_bp,1,1,0,0,0,0
epa_result,c-6814_conseq_Otu00005_923_1588_bp,1,0.992209,0,0,0,0
epa_result,m54088_170214_101554_15926018_ccs_Otu00634_2_1588_bp,1,0.336594,0.336592,0.326814,0,0
epa_result,m54088_170214_101554_25297533_ccs_Otu00150_12_1588_bp,1,1,0,0,0,0
epa_result,m54088_170214_101554_61473411_ccs_Otu00296_5_1588_bp,1,0.99999,0,0,0,0
epa_result,m54088_170216_085445_31392396_ccs_Otu00120_16_1588_bp,1,0.430438,0.365485,0.079633,0.062778,0.061666
epa_result,m54088_170216_085445_40305065_ccs_Otu00383_3_1588_bp,1,0.776249,0.113368,0.110382,0,0
epa_result,m54088_170216_085445_45220318_ccs_Otu00643_2_1588_bp,1,0.071981,0.022412,0.017978,0.016341,0.012427
epa_result,m54088_170216_085445_54723061_ccs_Otu00257_6_1588_bp,1,0.872907,0.101133,0.021656,0,0
epa_result,m54088_170216_085445_56033960_ccs_Otu00319_4_1588_bp,1,0.204664,0.204007,0.202896,0.201448,0.176232
epa_result,m54088_170216_085445_59703894_ccs_Otu00264_6_1588_bp,1,0.967192,0.032808,0,0,0
epa_result,c-1065_conseq_Otu00003_1281_1588_bp,1,0.999712,0,0,0,0
epa_result,c-1889_conseq_Otu00342_4_1588_bp,1,0.98397,0,0,0,0
epa_result,c-423_conseq_Otu00155_11_1588_bp,1,1,0,0,0,0
epa_result,c-5148_conseq_Otu00082_24_1588_bp,1,1,0,0,0,0
epa_result,c-5959_conseq_Otu00122_15_1588_bp,1,1,0,0,0,0
epa_result,c-935_conseq_Otu00069_29_1588_bp,1,1,0,0,0,0
epa_result,m54032_170210_154134_26477122_ccs_Otu00436_3_1588_bp,1,0.952551,0.02397,0.023479,0,0
epa_result,m54032_170210_154134_50266641_ccs_Otu00002_1322_1588_bp,1,0.581344,0.26026,0.136615,0.018455,0
epa_result,m54032_170210_154134_9241405_ccs_Otu00480_2_1588_bp,1,0.945057,0.047673,0,0,0
epa_result,m54088_170214_101554_35193430_ccs_Otu00441_3_1588_bp,1,0.959105,0.029966,0,0,0
epa_result,m54088_170214_101554_55378723_ccs_Otu00439_3_1588_bp,1,0.460415,0.392761,0.069524,0.023673,0.017743
epa_result,m54088_170216_085445_33358557_ccs_Otu00645_2_1588_bp,1,1,0,0,0,0
epa_result,m54088_170216_085445_39977600_ccs_Otu00516_2_1588_bp,1,1,0,0,0,0
epa_result,m54088_170216_085445_45023512_ccs_Otu00598_2_1588_bp,1,1,0,0,0,0
epa_result,m54088_170216_085445_53019444_ccs_Otu00470_2_1588_bp,1,1,0,0,0,0
epa_result,c-3514_conseq_Otu00345_4_1588_bp,1,0.999993,0,0,0,0
epa_result,c-5150_conseq_Otu00466_3_1588_bp,1,1,0,0,0,0
epa_result,c-6410_conseq_Otu00159_11_1588_bp,1,0.999907,0,0,0,0
epa_result,m54088_170216_085445_38798233_ccs_Otu00600_2_1588_bp,1,0.338033,0.32251,0.322272,0,0
epa_result,m54088_170216_085445_44368744_ccs_Otu00496_2_1588_bp,1,0.941785,0.017481,0.013686,0.012805,0
epa_result,m54088_170216_085445_56886113_ccs_Otu00273_6_1588_bp,1,0.999999,0,0,0,0
epa_result,c-1164_conseq_Otu00032_77_1588_bp,1,0.998411,0,0,0,0
epa_result,c-5450_conseq_Otu00463_3_1588_bp,1,0.998702,0,0,0,0
epa_result,m54032_170210_154134_11797034_ccs_Otu00575_2_1588_bp,1,0.927258,0.0418,0.0291,0,0
epa_result,m54088_170214_101554_63636059_ccs_Otu00041_53_1588_bp,1,0.93192,0.022174,0.021561,0.011106,0.011106
epa_result,m54088_170216_085445_14418261_ccs_Otu00416_3_1588_bp,1,0.344824,0.337876,0.3173,0,0
epa_result,m54088_170216_085445_18874910_ccs_Otu00182_9_1588_bp,1,1,0,0,0,0
epa_result,m54088_170216_085445_30147354_ccs_Otu00385_3_1588_bp,1,0.784989,0.124024,0.034824,0.029869,0.012391
epa_result,m54088_170216_085445_56099267_ccs_Otu00161_11_1588_bp,1,0.757987,0.122904,0.119109,0,0
epa_result,c-1073_conseq_Otu00431_3_1588_bp,1,1,0,0,0,0
epa_result,c-6143_conseq_Otu00240_6_1588_bp,1,1,0,0,0,0
epa_result,m54032_170210_154134_49545999_ccs_Otu00410_3_1588_bp,1,1,0,0,0,0
epa_result,m54032_170210_154134_70255583_ccs_Otu00483_2_1588_bp,1,1,0,0,0,0
epa_result,m54088_170214_101554_22806837_ccs_Otu00647_2_1588_bp,1,1,0,0,0,0
epa_result,m54088_170214_101554_42140459_ccs_Otu00380_3_1588_bp,1,0.286498,0.209732,0.148734,0.148301,0.115899
epa_result,m54088_170216_085445_26149163_ccs_Otu00458_3_1588_bp,1,1,0,0,0,0
epa_result,m54088_170216_085445_45940853_ccs_Otu00330_4_1588_bp,1,0.99997,0,0,0,0
epa_result,m54088_170216_085445_59048878_ccs_Otu00386_3_1588_bp,1,1,0,0,0,0
epa_result,m54088_170216_085445_71893500_ccs_Otu00356_4_1588_bp,1,0.972002,0.012806,0.012806,0,0
epa_result,c-589_conseq_Otu00057_34_1588_bp,1,0.196783,0.157863,0.157578,0.157576,0.122439
epa_result,m54032_170210_154134_25166565_ccs_Otu00446_3_1588_bp,1,0.739055,0.136386,0.079659,0.022433,0.022433
epa_result,m54032_170210_154134_54001751_ccs_Otu00515_2_1588_bp,1,0.263408,0.206572,0.177428,0.177422,0.17517
epa_result,m54088_170214_101554_32637044_ccs_Otu00497_2_1588_bp,1,0.977278,0.011394,0.011328,0,0
epa_result,m54088_170216_085445_15598163_ccs_Otu00570_2_1588_bp,1,0.610965,0.188223,0.150481,0.047425,0
epa_result,m54088_170216_085445_35651729_ccs_Otu00550_2_1588_bp,1,0.509417,0.468104,0.01523,0,0
epa_result,m54088_170216_085445_54592263_ccs_Otu00609_2_1588_bp,1,0.747094,0.237174,0,0,0
epa_result,m54088_170216_085445_65470808_ccs_Otu00400_3_1588_bp,1,0.695635,0.302952,0,0,0
epa_result,c-1639_conseq_Otu00133_13_1588_bp,1,0.688892,0.121927,0.075599,0.021607,0.021412
epa_result,c-2326_conseq_Otu00024_107_1588_bp,1,1,0,0,0,0
epa_result,c-3965_conseq_Otu00331_4_1588_bp,1,0.999756,0,0,0,0
epa_result,c-520_conseq_Otu00461_3_1588_bp,1,1,0,0,0,0
epa_result,c-947_conseq_Otu00141_13_1588_bp,1,0.351147,0.333991,0.31481,0,0
epa_result,m54088_170216_085445_42074584_ccs_Otu00435_3_1588_bp,1,0.847845,0.059337,0.056463,0.018286,0.010281
epa_result,m54088_170216_085445_55312730_ccs_Otu00549_2_1588_bp,1,1,0,0,0,0
epa_result,c-2786_conseq_Otu00268_6_1588_bp,1,0.999221,0,0,0,0
epa_result,c-463_conseq_Otu00236_7_1588_bp,1,0.417981,0.417981,0.153222,0,0
epa_result,c-694_conseq_Otu00197_8_1588_bp,1,0.203039,0.202069,0.199972,0.198156,0.196764
epa_result,c-8229_conseq_Otu00033_76_1588_bp,1,1,0,0,0,0
epa_result,m54032_170210_154134_67371271_ccs_Otu00564_2_1588_bp,1,0.427102,0.288476,0.206091,0.071297,0
epa_result,m54088_170214_101554_64553700_ccs_Otu00534_2_1588_bp,1,0.34283,0.339793,0.162412,0.122482,0.032326
epa_result,m54088_170216_085445_11534828_ccs_Otu00327_4_1588_bp,1,0.724899,0.198421,0.07668,0,0
epa_result,m54088_170216_085445_17367886_ccs_Otu00524_2_1588_bp,1,0.999955,0,0,0,0
epa_result,m54088_170216_085445_33751449_ccs_Otu00571_2_1588_bp,1,1,0,0,0,0
epa_result,m54088_170216_085445_50070093_ccs_Otu00473_2_1588_bp,1,0.335991,0.335991,0.328018,0,0
epa_result,m54088_170216_085445_8061165_ccs_Otu00258_6_1588_bp,1,0.892494,0.027723,0.023668,0.023646,0.01993
epa_result,c-3731_conseq_Otu00301_5_1588_bp,1,1,0,0,0,0
epa_result,c-8663_conseq_Otu00061_31_1588_bp,1,0.510249,0.073256,0.068776,0.045913,0.043028
epa_result,m54088_170214_101554_26935601_ccs_Otu00125_14_1588_bp,1,0.21489,0.212586,0.212332,0.196987,0.103846
epa_result,m54088_170216_085445_17236277_ccs_Otu00613_2_1588_bp,1,0.999989,0,0,0,0
epa_result,m54088_170216_085445_49742462_ccs_Otu00362_3_1588_bp,1,1,0,0,0,0
epa_result,m54088_170216_085445_53608653_ccs_Otu00434_3_1588_bp,1,0.871597,0.114038,0,0,0
epa_result,m54088_170216_085445_60883529_ccs_Otu00630_2_1588_bp,1,0.99997,0,0,0,0
epa_result,m54088_170216_085445_69009586_ccs_Otu00363_3_1588_bp,1,1,0,0,0,0
epa_result,m54088_170216_085445_72548476_ccs_Otu00053_43_1588_bp,1,1,0,0,0,0
epa_result,c-6445_conseq_Otu00282_5_1588_bp,1,0.617324,0.123939,0.10586,0.031558,0.030035
epa_result,c-7870_conseq_Otu00294_5_1588_bp,1,0.946473,0.053487,0,0,0
epa_result,m54088_170216_085445_14418389_ccs_Otu00553_2_1588_bp,1,0.804666,0.109606,0.085673,0,0
epa_result,m54088_170216_085445_17957571_ccs_Otu00369_3_1588_bp,1,0.913232,0.086058,0,0,0
epa_result,c-2420_conseq_Otu00132_14_1588_bp,1,0.773076,0.132256,0.094668,0,0
epa_result,c-5292_conseq_Otu00119_16_1588_bp,1,0.87262,0.06369,0.06369,0,0
epa_result,c-5833_conseq_Otu00040_54_1588_bp,1,0.705567,0.195344,0.09414,0,0
epa_result,c-8530_conseq_Otu00249_6_1588_bp,1,1,0,0,0,0
epa_result,m54088_170214_101554_26215023_ccs_Otu00525_2_1588_bp,1,0.98671,0,0,0,0
epa_result,m54088_170216_085445_30539924_ccs_Otu00074_27_1588_bp,1,0.99321,0,0,0,0
epa_result,m54088_170216_085445_62784202_ccs_Otu00274_6_1588_bp,1,0.999252,0,0,0,0
epa_result,c-2251_conseq_Otu00085_23_1588_bp,1,1,0,0,0,0
epa_result,m54088_170216_085445_23069283_ccs_Otu00523_2_1588_bp,1,0.397677,0.204297,0.204297,0.094684,0.041043
epa_result,m54088_170216_085445_26608194_ccs_Otu00228_7_1588_bp,1,0.999756,0,0,0,0
epa_result,m54088_170216_085445_29098653_ccs_Otu00311_4_1588_bp,1,0.850833,0.075935,0.073231,0,0
epa_result,m54088_170216_085445_48890164_ccs_Otu00510_2_1588_bp,1,1,0,0,0,0
epa_result,m54088_170216_085445_57999443_ccs_Otu00544_2_1588_bp,1,1,0,0,0,0
epa_result,c-3956_conseq_Otu00134_13_1588_bp,1,0.343506,0.328985,0.327508,0,0
epa_result,c-4706_conseq_Otu00213_8_1588_bp,1,1,0,0,0,0
epa_result,c-6324_conseq_Otu00225_7_1588_bp,1,0.601636,0.099593,0.099591,0.099591,0.099589
epa_result,c-8446_conseq_Otu00021_157_1588_bp,1,1,0,0,0,0
epa_result,m54032_170210_154134_6684917_ccs_Otu00177_10_1588_bp,1,1,0,0,0,0
epa_result,m54032_170210_154134_8782393_ccs_Otu00200_8_1588_bp,1,0.999387,0,0,0,0
epa_result,m54088_170216_085445_70583078_ccs_Otu00215_8_1588_bp,1,1,0,0,0,0
epa_result,m54088_170216_085445_74187639_ccs_Otu00591_2_1588_bp,1,0.999893,0,0,0,0
epa_result,c-3206_conseq_Otu00098_20_1588_bp,1,0.841473,0.048113,0.046533,0.015972,0.015972
epa_result,m54088_170216_085445_38339149_ccs_Otu00078_24_1588_bp,1,0.978033,0.011859,0,0,0
epa_result,m54088_170216_085445_50856891_ccs_Otu00364_3_1588_bp,1,0.387217,0.283821,0.124341,0.022076,0.020245
epa_result,c-5983_conseq_Otu00007_740_1588_bp,1,0.334436,0.334426,0.331137,0,0
epa_result,m54088_170214_101554_23396962_ccs_Otu00612_2_1588_bp,1,0.999996,0,0,0,0
epa_result,m54088_170216_085445_32244194_ccs_Otu00646_2_1588_bp,1,0.579871,0.34721,0.048057,0.015419,0
epa_result,m54088_170216_085445_43778558_ccs_Otu00341_4_1588_bp,1,0.999965,0,0,0,0
epa_result,c-431_conseq_Otu00124_15_1588_bp,1,0.999999,0,0,0,0
epa_result,c-6398_conseq_Otu00109_17_1588_bp,1,0.920196,0,0,0,0
epa_result,c-7549_conseq_Otu00148_12_1588_bp,1,1,0,0,0,0
epa_result,m54032_170210_154134_50201219_ccs_Otu00495_2_1588_bp,1,0.953327,0.010544,0,0,0
epa_result,m54088_170214_101554_47120562_ccs_Otu00492_2_1588_bp,1,1,0,0,0,0
epa_result,m54088_170216_085445_29164066_ccs_Otu00622_2_1588_bp,1,0.978374,0.010974,0.010652,0,0
epa_result,c-5721_conseq_Otu00281_5_1588_bp,1,0.834691,0.102247,0.05088,0.011889,0
epa_result,c-8874_conseq_Otu00254_6_1588_bp,1,0.617817,0.190596,0.144883,0.014984,0
epa_result,m54032_170210_154134_15925581_ccs_Otu00192_9_1588_bp,1,0.916155,0.022494,0.018856,0.016559,0.014291
epa_result,m54088_170214_101554_19923796_ccs_Otu00539_2_1588_bp,1,0.997494,0,0,0,0
epa_result,m54088_170216_085445_11600425_ccs_Otu00278_5_1588_bp,1,0.388121,0.349197,0.262682,0,0
epa_result,m54088_170216_085445_55313015_ccs_Otu00604_2_1588_bp,1,0.967479,0.031962,0,0,0
epa_result,m54088_170216_085445_60293256_ccs_Otu00349_4_1588_bp,1,0.337125,0.337125,0.32575,0,0
epa_result,c-7334_conseq_Otu00052_43_1588_bp,1,0.298348,0.298348,0.283989,0.060586,0.058728
epa_result,m54032_170210_154134_28443142_ccs_Otu00286_5_1588_bp,1,0.948441,0.036486,0.01342,0,0
epa_result,m54088_170216_085445_33751827_ccs_Otu00421_3_1588_bp,1,0.365339,0.356002,0.278658,0,0
epa_result,m54088_170216_085445_68747772_ccs_Otu00230_7_1588_bp,1,0.406055,0.324166,0.099628,0.087518,0.059432
epa_result,m54088_170214_101554_54263951_ccs_Otu00455_3_1588_bp,1,0.999962,0,0,0,0
epa_result,c-5947_conseq_Otu00223_7_1588_bp,1,0.337737,0.337735,0.32415,0,0
epa_result,c-7974_conseq_Otu00101_19_1588_bp,1,0.997813,0,0,0,0
epa_result,m54032_170210_154134_61734990_ccs_Otu00188_9_1588_bp,1,0.717522,0.111871,0.111871,0.025985,0.012795
epa_result,m54032_170210_154134_74449096_ccs_Otu00618_2_1588_bp,1,0.959278,0.040722,0,0,0
epa_result,m54088_170214_101554_49676803_ccs_Otu00635_2_1588_bp,1,0.363151,0.321774,0.315075,0,0
epa_result,m54088_170216_085445_18678296_ccs_Otu00620_2_1588_bp,1,0.996915,0,0,0,0
epa_result,m54088_170216_085445_41878422_ccs_Otu00414_3_1588_bp,1,1,0,0,0,0
epa_result,m54088_170216_085445_57213530_ccs_Otu00191_9_1588_bp,1,0.20199,0.201989,0.200914,0.192225,0.178252
epa_result,m54088_170216_085445_65274564_ccs_Otu00138_13_1588_bp,1,0.148495,0.148492,0.147354,0.144475,0.144285
epa_result,c-9326_conseq_Otu00206_8_1588_bp,1,0.309649,0.308296,0.302558,0.014246,0
epa_result,m54032_170210_154134_55641023_ccs_Otu00049_45_1588_bp,1,1,0,0,0,0
epa_result,m54088_170216_085445_19202225_ccs_Otu00076_25_1588_bp,1,0.208516,0.208477,0.203257,0.19967,0.18008
epa_result,c-3464_conseq_Otu00310_4_1588_bp,1,0.999994,0,0,0,0
epa_result,c-6481_conseq_Otu00179_10_1588_bp,1,0.999993,0,0,0,0
epa_result,c-8714_conseq_Otu00118_16_1588_bp,1,0.965839,0.027928,0,0,0
epa_result,m54088_170216_085445_18612763_ccs_Otu00096_21_1588_bp,1,0.49101,0.238822,0.193562,0.076348,0
epa_result,m54088_170216_085445_59507136_ccs_Otu00347_4_1588_bp,1,0.530027,0.246439,0.186067,0.022211,0.015256
epa_result,c-474_conseq_Otu00105_18_1588_bp,1,0.112027,0.112027,0.112026,0.11183,0.111583
epa_result,m54032_170210_154134_21365411_ccs_Otu00592_2_1588_bp,1,0.999748,0,0,0,0
epa_result,m54032_170210_154134_7340600_ccs_Otu00317_4_1588_bp,1,0.51393,0.138474,0.103129,0.053218,0.029516
epa_result,m54088_170216_085445_41550544_ccs_Otu00163_11_1588_bp,1,1,0,0,0,0
epa_result,c-224_conseq_Otu00234_7_1588_bp,1,1,0,0,0,0
epa_result,m54032_170210_154134_53019089_ccs_Otu00551_2_1588_bp,1,0.99951,0,0,0,0
epa_result,c-8805_conseq_Otu00184_9_1588_bp,1,0.998044,0,0,0,0
epa_result,m54088_170216_085445_40567609_ccs_Otu00528_2_1588_bp,1,0.341225,0.32947,0.329305,0,0
epa_result,c-5093_conseq_Otu00038_64_1588_bp,1,0.332249,0.332249,0.324361,0,0
epa_result,c-6170_conseq_Otu00108_18_1588_bp,1,0.518193,0.191063,0.130388,0.105093,0.01711
epa_result,m54088_170216_085445_21495958_ccs_Otu00291_5_1588_bp,1,1,0,0,0,0
epa_result,m54088_170216_085445_48562330_ccs_Otu00540_2_1588_bp,1,0.336825,0.27573,0.046862,0.011709,0.011272
epa_result,m54032_170210_154134_63046257_ccs_Otu00149_12_1588_bp,1,0.34111,0.334082,0.317435,0,0
epa_result,m54088_170216_085445_35586178_ccs_Otu00644_2_1588_bp,1,1,0,0,0,0
epa_result,m54088_170216_085445_59179415_ccs_Otu00354_4_1588_bp,1,0.962829,0.02423,0,0,0
epa_result,c-2077_conseq_Otu00343_4_1588_bp,1,0.940997,0.033003,0.026,0,0
epa_result,m54088_170216_085445_13566238_ccs_Otu00639_2_1588_bp,1,1,0,0,0,0
epa_result,c-8459_conseq_Otu00158_11_1588_bp,1,0.479373,0.175907,0.147539,0.055362,0.055343
epa_result,m54088_170214_101554_36438655_ccs_Otu00425_3_1588_bp,1,1,0,0,0,0
epa_result,m54088_170216_085445_22282805_ccs_Otu00178_10_1588_bp,1,0.999128,0,0,0,0
epa_result,m54088_170216_085445_32899807_ccs_Otu00533_2_1588_bp,1,0.588603,0.270343,0.057912,0.030317,0.027563
epa_result,m54088_170216_085445_37552392_ccs_Otu00590_2_1588_bp,1,1,0,0,0,0
epa_result,m54088_170216_085445_56754609_ccs_Otu00398_3_1588_bp,1,1,0,0,0,0
epa_result,m54088_170216_085445_73138646_ccs_Otu00172_10_1588_bp,1,0.201559,0.201559,0.201531,0.201517,0.193835
epa_result,c-2751_conseq_Otu00168_11_1588_bp,1,0.999994,0,0,0,0
epa_result,m54088_170216_085445_43844301_ccs_Otu00420_3_1588_bp,1,0.77658,0.096182,0.094521,0.032717,0
epa_result,m54032_170210_154134_50921770_ccs_Otu00649_2_1588_bp,1,0.945295,0.054705,0,0,0
epa_result,m54088_170214_101554_45351375_ccs_Otu00456_3_1588_bp,1,0.514959,0.435376,0.042943,0,0
epa_result,c-7611_conseq_Otu00011_390_1588_bp,1,0.144858,0.144858,0.144858,0.144837,0.141369
epa_result,c-927_conseq_Otu00054_43_1588_bp,1,0.207441,0.207439,0.207433,0.197792,0.177928
epa_result,m54088_170216_085445_50921618_ccs_Otu00374_3_1588_bp,1,0.746436,0.128096,0.125468,0,0
epa_result,m54088_170216_085445_9372216_ccs_Otu00621_2_1588_bp,1,1,0,0,0,0
epa_result,m54032_170210_154134_42270821_ccs_Otu00426_3_1588_bp,1,1,0,0,0,0
epa_result,c-7374_conseq_Otu00221_7_1588_bp,1,0.999912,0,0,0,0
epa_result,m54088_170216_085445_19660986_ccs_Otu00438_3_1588_bp,1,0.999465,0,0,0,0
epa_result,m54088_170214_101554_35848711_ccs_Otu00214_8_1588_bp,1,0.99929,0,0,0,0
epa_result,c-2373_conseq_Otu00070_28_1588_bp,1,0.999636,0,0,0,0
epa_result,c-1597_conseq_Otu00464_3_1588_bp,1,0.382373,0.171511,0.169086,0.167532,0.047577
epa_result,c-2101_conseq_Otu00016_219_1588_bp,1,0.994589,0,0,0,0
epa_result,m54032_170210_154134_16515714_ccs_Otu00255_6_1588_bp,1,0.874409,0.047083,0.047083,0.015573,0.015033
epa_result,m54088_170216_085445_67896206_ccs_Otu00457_3_1588_bp,1,1,0,0,0,0
epa_result,c-4430_conseq_Otu00468_3_1588_bp,1,0.337446,0.337446,0.325081,0,0
epa_result,c-7298_conseq_Otu00462_3_1588_bp,1,1,0,0,0,0
epa_result,c-5136_conseq_Otu00022_129_1588_bp,1,1,0,0,0,0
epa_result,m54088_170214_101554_9765633_ccs_Otu00451_3_1588_bp,1,0.992351,0,0,0,0
epa_result,m54088_170216_085445_72089952_ccs_Otu00394_3_1588_bp,1,0.605081,0.18489,0.066055,0.046881,0.04248
epa_result,m54088_170216_085445_38666371_ccs_Otu00309_4_1588_bp,1,1,0,0,0,0
epa_result,m54088_170216_085445_12714314_ccs_Otu00302_5_1588_bp,1,0.338618,0.337528,0.322739,0,0
epa_result,m54088_170216_085445_53871035_ccs_Otu00471_2_1588_bp,1,1,0,0,0,0
epa_result,c-1764_conseq_Otu00216_8_1588_bp,1,0.144688,0.144318,0.143663,0.142882,0.142882
epa_result,c-6000_conseq_Otu00035_73_1588_bp,1,0.416304,0.296545,0.28715,0,0
epa_result,c-9300_conseq_Otu00112_17_1588_bp,1,0.348573,0.280387,0.25765,0.048333,0.04739
epa_result,m54088_170216_085445_42140250_ccs_Otu00338_4_1588_bp,1,1,0,0,0,0
epa_result,m54088_170216_085445_49742821_ccs_Otu00237_7_1588_bp,1,0.999999,0,0,0,0
epa_result,m54088_170216_085445_67503046_ccs_Otu00501_2_1588_bp,1,0.200743,0.200743,0.200743,0.200742,0.197028
epa_result,c-5184_conseq_Otu00111_17_1588_bp,1,0.338276,0.338224,0.3235,0,0
epa_result,m54088_170216_085445_25756540_ccs_Otu00527_2_1588_bp,1,0.448504,0.298155,0.098545,0.082102,0.072597
epa_result,c-5912_conseq_Otu00176_10_1588_bp,1,1,0,0,0,0
epa_result,m54032_170210_154134_52887793_ccs_Otu00502_2_1588_bp,1,0.975923,0.020279,0,0,0
epa_result,m54088_170216_085445_30802413_ccs_Otu00129_14_1588_bp,1,0.156248,0.156245,0.156241,0.156237,0.15623
epa_result,m54088_170216_085445_61800849_ccs_Otu00075_25_1588_bp,1,0.20317,0.20317,0.200706,0.197557,0.19538
epa_result,m54032_170210_154134_70779160_ccs_Otu00415_3_1588_bp,1,0.523499,0.337395,0.048886,0.034057,0.022181
epa_result,m54088_170214_101554_7012738_ccs_Otu00270_6_1588_bp,1,0.951846,0.024619,0.023535,0,0
epa_result,m54032_170210_154134_52888536_ccs_Otu00324_4_1588_bp,1,1,0,0,0,0
epa_result,m54088_170216_085445_53936589_ccs_Otu00340_4_1588_bp,1,1,0,0,0,0
epa_result,m54088_170216_085445_72024439_ccs_Otu00526_2_1588_bp,1,1,0,0,0,0
epa_result,m54088_170216_085445_23593712_ccs_Otu00556_2_1588_bp,1,0.40058,0.35281,0.221918,0.01351,0
epa_result,c-557_conseq_Otu00113_17_1588_bp,1,1,0,0,0,0
epa_result,m54032_170210_154134_36569815_ccs_Otu00626_2_1588_bp,1,0.836528,0.093211,0.058206,0,0
epa_result,m54088_170216_085445_28115316_ccs_Otu00360_3_1588_bp,1,0.977458,0.01336,0,0,0
epa_result,m54088_170216_085445_27329184_ccs_Otu00308_4_1588_bp,1,0.999956,0,0,0,0
epa_result,c-1913_conseq_Otu00043_53_1588_bp,1,0.201492,0.201442,0.201389,0.199687,0.19599
epa_result,m54088_170216_085445_19137150_ccs_Otu00444_3_1588_bp,1,0.999994,0,0,0,0
epa_result,c-8502_conseq_Otu00328_4_1588_bp,1,0.941813,0.039558,0.010775,0,0
epa_result,m54032_170210_154134_21430739_ccs_Otu00335_4_1588_bp,1,0.98349,0,0,0,0
epa_result,c-6005_conseq_Otu00020_161_1588_bp,1,0.945369,0.019841,0.019135,0.012434,0
epa_result,m54088_170216_085445_50594320_ccs_Otu00269_6_1588_bp,1,0.338331,0.336238,0.325431,0,0
epa_result,m54088_170214_101554_61735389_ccs_Otu00595_2_1588_bp,1,1,0,0,0,0
epa_result,m54088_170214_101554_21365230_ccs_Otu00390_3_1588_bp,1,1,0,0,0,0
